,usd,usd,usd,usd,vol
,open,high,low,close,vol
time,,,,,
2014-05-16,446.67,449.87,446.11,449.5,24.350577949999998
2014-05-17,472.8,472.8,472.8,472.8,0.15297
2014-05-19,449.7,449.7,441.6,447.35,45.048499249999985
2014-05-20,447.89,458.36,447.89,457.8,33.56041206
2014-05-21,457.8,495.85,457.8,495.4,11.044952060000002
2014-05-22,495.5,522.9,495.5,521.95,19.842867800000008
2014-05-26,529.9,580.75,529.9,580.0,2.3748259899999997
2014-05-27,580.0,580.0,564.93,566.432,9.475818110000004
2014-05-28,567.95,582.0,567.95,570.76,33.8249386
2014-05-29,569.9,569.9,564.8,564.8,1.06691999
2014-05-30,575.23,610.95,560.0,610.95,5.44312455
2014-06-02,625.11,653.04,517.9,653.04,86.53409685
2014-06-03,662.13,670.39,653.37,670.11,91.31266966000005
2014-06-04,670.03,670.03,638.52,643.21,73.63251367000007
2014-06-05,645.78,660.0,641.17,660.0,42.07773640000001
2014-06-06,660.0,661.05,562.0,659.18,54.88276473
2014-06-07,650.27,656.19,649.5,653.6,19.288107790000005
2014-06-08,655.39,655.39,654.07,654.5,2.59311918
2014-06-09,653.7,656.23,500.0,647.82,51.641192409999974
2014-06-10,648.92,656.84,648.92,654.9,26.487691139999985
2014-06-11,651.65,651.65,629.2,642.99,82.00987824000002
2014-06-12,632.55,632.55,602.1,602.1,65.38879967999998
2014-06-13,593.42,611.07,593.42,611.07,1.8776196
2014-06-14,593.4,593.4,590.4,590.4,0.071875
2014-06-16,608.0,628.3,591.1,592.0,54.45573815000001
2014-06-17,598.0,598.0,598.0,598.0,0.0499968
2014-06-18,606.8,607.0,605.05,605.05,0.12
2014-06-20,590.11,590.9,590.11,590.9,0.0760718
2014-06-21,588.0,595.0,583.0,591.0,18.180748529999995
2014-06-22,598.0,599.1,593.0,595.0,5.32927654
2014-06-23,585.8,588.8,585.8,587.9,13.603794650000003
2014-06-25,587.5,587.5,565.0,569.0,1.89206774
2014-06-28,590.0,590.01,590.0,590.01,0.0782555
2014-06-30,613.6,631.12,613.6,631.12,0.2701227
2014-07-10,611.59,623.9,609.52,615.87,5.03831972
2014-07-11,616.01,627.61,547.0,627.61,4.60033309
2014-07-14,627.55,627.55,619.1,620.0,1.2363955000000002
2014-07-15,620.0,623.18,620.0,622.4,6.468097279999999
2014-07-16,622.31,624.3,615.54,618.85,7.98226233
2014-07-17,617.52,621.6,613.02,621.6,4.66455979
2014-07-18,622.31,622.53,622.31,622.53,1.66056597
2014-07-22,624.03,624.34,620.91,620.93,2.51526739
2014-07-23,621.13,621.19,621.13,621.19,1.7238888
2014-07-24,621.12,621.12,586.0,601.55,5.127176570000001
2014-07-25,602.71,602.71,598.98,601.47,5.92044389
2014-07-26,601.43,601.43,590.84,590.85,1.3914589199999998
2014-07-27,592.55,594.39,592.55,593.04,3.5604309200000004
2014-07-28,593.02,593.02,580.17,583.98,4.748507760000001
2014-07-29,586.55,586.57,582.26,582.26,1.2403192
2014-07-30,580.13,580.13,572.0,572.0,4.38160581
2014-07-31,568.41,575.78,567.94,575.78,6.665064349999997
2014-08-01,586.72,594.91,586.42,594.91,4.383573810000001
2014-08-02,592.65,592.65,587.4,591.67,2.19047326
2014-08-03,591.66,591.66,587.21,587.21,0.7794288
2014-08-04,589.16,589.23,589.16,589.23,1.36371791
2014-08-05,587.12,587.12,579.04,580.56,2.9295291699999995
2014-08-06,580.51,580.51,577.66,580.51,2.41752953
2014-08-07,582.01,587.51,581.06,587.51,3.7180437699999995
2014-08-08,587.89,590.23,587.82,588.71,2.3208963899999997
2014-08-12,585.9,588.64,563.11,569.1,2.8032476099999992
2014-08-13,563.11,563.11,546.82,547.65,4.537126700000001
2014-08-14,547.65,550.0,509.5,509.5,4.645996229999999
2014-08-15,509.5,509.5,509.5,509.5,0.17279001
2014-08-16,509.1,520.0,500.0,518.1,2.47000011
2014-08-18,495.0,500.0,479.1,479.1,2.7332981
2014-08-19,490.0,499.0,479.9,484.75,1.6910142899999998
2014-08-20,484.75,499.0,483.25,499.0,1.5865400299999999
2014-08-21,500.0,523.72,500.0,523.72,3.3046304000000006
2014-08-22,515.59,523.71,511.4,518.84,5.9050182499999995
2014-08-23,510.22,510.22,508.65,508.65,0.71
2014-08-25,508.65,508.65,501.53,504.33,6.700818289999999
2014-08-26,504.35,511.81,504.35,511.81,5.3214197
2014-08-27,511.74,523.01,510.98,523.01,4.774510530000001
2014-08-28,521.73,521.73,507.9,508.5,4.4726618700000005
2014-08-29,508.5,509.0,506.09,509.0,3.53569541
2014-08-31,509.0,509.0,509.0,509.0,0.0761239
2014-09-01,508.15,508.15,476.31,479.81,17.743028310000003
2014-09-02,478.31,478.31,474.97,477.32,10.827044489999999
2014-09-03,476.12,477.31,475.84,477.31,5.28926756
2014-09-04,477.49,480.61,476.71,480.61,8.17940862
2014-09-05,485.75,489.11,485.75,487.11,7.535227819999999
2014-09-08,487.05,487.27,466.48,466.83,6.384725820000001
2014-09-09,465.05,465.05,462.07,462.07,1.79912941
2014-09-10,464.52,487.29,464.52,487.29,3.04610941
2014-09-11,485.78,487.77,475.19,475.19,0.9761888999999999
2014-09-12,474.59,474.59,470.27,471.48,1.8169518000000002
2014-09-13,472.54,475.19,472.54,475.19,0.2254256
2014-09-15,474.53,474.96,474.25,474.96,3.306282650000001
2014-09-16,474.13,474.13,467.65,467.65,1.4241982
2014-09-17,465.24,465.24,462.03,462.03,0.11
2014-09-18,462.05,462.05,435.39,435.39,3.07449977
2014-09-19,435.27,435.78,385.97,400.0,3.33827501
2014-09-20,415.78,415.78,407.48,407.48,0.1243029
2014-09-23,401.0,458.0,390.0,434.0,94.48611463000002
2014-09-24,449.0,464.0,432.0,446.0,134.19482916
2014-09-25,460.0,463.0,402.0,412.0,192.7448835699998
2014-09-26,412.0,418.0,398.0,413.0,166.05009038000006
2014-09-27,399.0,417.0,394.0,407.0,58.69550435
2014-09-28,412.0,418.0,391.0,406.0,102.68977088000003
2014-09-29,416.0,418.0,380.0,412.0,33.570734289999976
2014-09-30,412.0,418.0,378.0,404.0,141.9133195
2014-10-01,410.0,417.0,378.0,391.0,112.80918021999999
2014-10-02,391.0,418.72,373.0,383.0,147.14694776
2014-10-03,394.0,407.0,353.55,396.0,97.11927233
2014-10-04,352.0,389.0,352.0,389.0,0.0380949
2014-10-05,310.0,310.0,310.0,310.0,0.44
2014-10-06,467.65,467.65,324.0,331.0,60.92317096
2014-10-07,335.0,341.0,313.0,326.0,53.32925385000001
2014-10-08,327.0,349.0,327.0,349.0,22.24273775
2014-10-09,349.0,410.0,349.0,382.0,92.57376188999999
2014-10-10,381.0,417.0,348.0,357.0,127.78975211999997
2014-10-11,358.0,365.0,348.0,355.0,12.838277969999996
2014-10-13,361.0,396.0,312.01,383.0,35.96781225000001
2014-10-14,383.0,413.0,310.99,398.0,72.31335970000008
2014-10-15,399.0,404.0,378.0,392.0,117.52125083999994
2014-10-16,394.0,401.0,311.0,385.0,90.88830235000006
2014-10-17,385.0,393.0,372.0,380.0,114.52114105999983
2014-10-18,380.0,389.0,375.0,379.0,15.56326346000001
2014-10-20,379.0,393.0,376.0,384.0,103.6295566
2014-10-21,384.0,395.99,300.89,386.0,73.67433727999996
2014-10-22,389.0,395.0,379.0,385.0,91.67675885000004
2014-10-23,385.0,390.0,356.01,364.99,82.57991670999994
2014-10-24,363.01,371.0,351.03,359.0,85.43793247000008
2014-10-25,359.04,365.01,343.0,354.0,72.21421574000013
2014-10-26,354.0,366.0,345.0,361.0,80.57852886000005
2014-10-27,355.0,365.0,348.0,355.99,72.51847258999994
2014-10-28,350.02,362.07,350.01,359.0,29.28135120000003
2014-10-29,359.0,362.0,334.99,338.0,75.18332541999997
2014-10-30,338.0,356.99,331.0,350.01,78.35413970000003
2014-10-31,350.01,355.0,335.0,337.0,77.75666936999991
2014-11-01,337.0,347.0,300.9,326.99,76.41980513999998
2014-11-02,326.99,338.0,297.5,330.0,56.44729021999999
2014-11-03,325.0,341.0,300.0,327.0,26.589311580000007
2014-11-04,325.0,338.0,279.37,335.0,47.960105250000026
2014-11-05,329.01,350.0,315.1,343.0,54.976792869999976
2014-11-06,339.01,358.0,335.75,349.01,48.87919592999999
2014-11-07,349.01,358.99,327.11,345.0,62.07441516000004
2014-11-08,345.0,1158.338,337.0,349.0,37.59827781999999
2014-11-09,345.0,366.0,305.01,360.99,16.826005749999997
2014-11-10,365.0,365.0,365.0,365.0,0.021797
2014-11-12,354.0,421.99,354.0,421.99,9.456127190000007
2014-11-13,425.0,451.0,303.0,419.94,13.303594630000006
2014-11-14,394.0,405.0,383.0,384.99,6.49412145
2014-11-16,391.99,395.0,385.0,389.0,3.120956500000001
2014-11-17,389.0,409.0,380.0,387.0,19.093304209999996
2014-11-18,386.0,399.0,373.0,383.99,45.912373650000006
2014-11-19,379.0,379.0,379.0,379.0,0.45996201
2014-11-21,459.941,1314.0,351.0,352.65,0.65963309
2014-11-22,358.26,364.491,356.0,362.0,1.1882767999999992
2014-11-23,357.0,378.0,354.0,371.0,61.58422878
2014-11-24,375.0,385.0,366.0,379.0,48.949190479999956
2014-11-25,385.0,385.0,379.0,379.0,1.0950069900000001
2014-11-26,378.0,379.0,365.0,370.0,4.993899680000002
2014-11-27,375.0,380.0,368.0,368.0,11.517948390000004
2014-11-28,358.0,380.0,356.0,380.0,10.125155119999999
2014-11-29,368.0,385.50513316,368.0,375.0,4.419273499999999
2014-11-30,375.0,377.0,375.0,375.0,1.2021275
2014-12-01,376.0,385.68,375.91,382.0,19.677126819999994
2014-12-02,382.0,389.0,377.0,380.0,101.55079293
2014-12-03,380.0,385.0,373.01,375.07,19.555989160000003
2014-12-04,379.33,379.51,367.0,376.0,52.78962305
2014-12-05,368.0,382.0,366.01,381.0,45.53094920999996
2014-12-06,377.0,379.0,372.01,373.0,2.1071868
2014-12-07,373.0,384.0,371.01,375.0,40.31511861999996
2014-12-08,373.0,377.0,360.0,368.0,15.735743519999996
2014-12-09,364.0,364.0,346.0,355.99,25.54822621
2014-12-10,349.0,357.0,346.0,349.0,27.529141680000013
2014-12-11,350.0,350.0,350.0,350.0,0.228858
2014-12-12,346.0,362.0,346.0,356.0,29.786962680000006
2014-12-13,360.0,389.99,343.0,352.0,50.350911070000016
2014-12-14,351.99,361.01,344.0,355.99,21.99787949999998
2014-12-15,355.99,357.98,342.0,345.01,58.930915420000005
2014-12-16,347.01,351.98,326.0,328.99,21.935193749999982
2014-12-17,326.0,339.0,315.9,323.0,57.82062768
2014-12-18,324.0,329.0,302.01,313.0,22.805842909999992
2014-12-19,313.0,324.0,309.01,323.0,19.297903540000014
2014-12-20,319.0,331.95,317.0,325.9,2.6963126999999996
2014-12-21,331.0,337.0,320.0,326.0,66.08703512000002
2014-12-22,326.0,329.0,326.0,329.0,0.4166148
2014-12-23,341.863,341.863,334.0,337.77,1.58623571
2014-12-24,336.99,340.0,322.0,324.07,51.835483890000006
2014-12-25,324.06,329.0,317.0,324.0,61.80509227
2014-12-26,325.88,339.0,319.0,328.0,67.94008412999996
2014-12-27,331.0,334.0,312.0,320.0,67.04721652000009
2014-12-28,320.0,325.0,307.0,321.0,73.46945886999994
2014-12-29,319.0,331.0,313.0,317.99,68.2234664399999
2014-12-30,316.01,324.0,308.01,313.99,58.59595888000005
2014-12-31,312.0,322.0,310.01,320.0,74.54819163999991
2015-01-01,322.98,324.0,313.99,317.01,65.72289857000003
2015-01-02,319.99,323.01,314.0,316.0,55.380496490000034
2015-01-03,317.0,320.0,290.0,290.01,65.82193221000004
2015-01-04,290.0,298.99,265.0,269.99,69.50688483
2015-01-05,269.99,335.0,262.0,269.01,34.317458110000004
2015-01-06,278.98,279.99,278.98,279.99,2.1126179900000004
2015-01-07,285.13,306.0,284.01,301.0,25.40886165999999
2015-01-08,295.0,302.0,283.0,287.0,70.18980146000004
2015-01-09,289.99,299.0,281.0,286.0,31.74335677000001
2015-01-10,280.0,280.0,280.0,280.0,0.0532857
2015-01-11,262.0,489.0,260.0,287.0,6.554140410000002
2015-01-12,271.0,284.0,264.27,273.0,35.495836140000016
2015-01-13,266.0,266.0,226.0,227.0,78.11992125
2015-01-14,225.01,225.01,186.89,186.89,5.15436927
2015-01-15,194.0,229.99,193.01,207.0,39.33504357999996
2015-01-16,213.0,229.0,204.25,211.99,32.40453429000001
2015-01-17,207.0,208.0,198.0,205.0,8.959231429999996
2015-01-18,203.0,258.65,199.99,252.0,1.6992996
2015-01-19,213.0,223.0,206.0,212.0,42.478322190000036
2015-01-20,211.0,221.0,205.0,210.0,43.530143329999994
2015-01-21,216.0,231.0,210.0,228.0,43.01395108999997
2015-01-22,238.0,240.0,228.8,236.0,15.572608260000004
2015-01-23,227.01,239.0,221.0,238.0,32.115994309999984
2015-01-24,238.0,239.0,238.0,239.0,0.3106
2015-01-25,254.0,258.65,249.0,249.0,1.9475284099999997
2015-01-26,251.0,349.0,230.01,269.0,45.08678456000007
2015-01-27,253.0,268.0,243.0,256.0,26.004214280000017
2015-01-28,259.0,263.0,216.0,223.0,47.05541836999998
2015-01-29,223.0,242.0,216.0,231.0,39.682954770000016
2015-01-31,225.1,225.1,225.0,225.0,0.18961139999999999
2015-02-01,217.99,278.19,206.01,231.02,50.64755475999997
2015-02-02,222.0,233.0,220.0,232.0,30.59671558999998
2015-02-03,241.10293322,249.08815001,223.0,225.0,35.464624269999995
2015-02-04,225.0,235.0,221.01,224.0,35.689564599999976
2015-02-05,224.0,233.0,215.0,224.49,34.06540615999998
2015-02-06,224.99,224.99,224.99,224.99,0.1464
2015-02-07,224.99,225.0,224.99,224.99,0.3236947
2015-02-09,226.93,228.0,217.0,226.9,34.02592619999998
2015-02-10,224.0,228.0,216.0,225.0,40.482066960000004
2015-02-11,221.0,229.0,218.11,223.0,36.869987420000015
2015-02-12,220.11,228.0,218.0,226.0,37.749214769999995
2015-02-13,225.9,244.0,225.9,240.0,31.300398130000005
2015-02-14,242.0,266.88,242.0,266.88,43.30869263999995
2015-02-15,257.48,259.89,235.25,235.25,1.9454900299999998
2015-02-16,235.0,244.0,230.01,238.01,29.878029310000006
2015-02-17,238.01,250.0,235.0,242.09,32.18475096000001
2015-02-18,245.0,248.0,232.0,238.0,35.543484920000004
2015-02-19,235.0,248.0,234.41,240.01,31.908708029999993
2015-02-20,247.0,255.0,239.01,239.01,13.670361
2015-02-23,239.0,241.99,234.5,238.99,22.09817295
2015-02-24,239.0,241.99,232.91,234.0,20.82784889999999
2015-02-25,234.055,240.44037497,234.0,236.0,10.239282480000004
2015-02-26,235.21,240.0,234.0,239.0,12.827614909999998
2015-02-27,241.0,259.0,241.0,257.97,12.531425089999994
2015-03-01,250.01,250.01,240.01,245.0,9.846414050000002
2015-03-02,258.0,269.99,258.0,269.99,0.49140001
2015-03-03,265.0,300.0,258.0,275.0,18.697754540000002
2015-03-04,275.5,340.0,266.64439396,269.054,9.769458
2015-03-05,269.0,271.89,269.0,271.89,0.9277649899999999
2015-03-06,269.0,271.9,264.0,270.0,5.18590501
2015-03-09,279.0,290.0,260.063,283.0,12.768869299999999
2015-03-10,288.85,288.85,288.5,288.5,1.178222
2015-03-11,287.08,295.99,287.08,292.99,2.6219695
2015-03-12,297.81,297.81,297.8,297.8,0.7545130000000001
2015-03-14,287.0,493.71,250.0,493.71,3.3993784899999997
2015-03-15,284.99,290.21,278.01,281.0,1.5727639900000003
2015-03-16,278.07,298.93,278.01,286.85,17.84052718999999
2015-03-17,290.0,294.87,278.01,279.01,5.1103793899999985
2015-03-18,279.01,279.01,250.0,250.01,5.599294690000001
2015-03-19,251.31,259.01,247.0,251.0,4.920808769999999
2015-03-20,253.0,269.65,250.56,257.0,4.992004120000001
2015-03-23,257.0,267.88,257.0,261.0,4.6786686
2015-03-24,269.64,269.64,269.64,269.64,0.0412031
2015-03-25,252.99,252.99,241.0,244.0,3.251462699999999
2015-03-26,249.0,250.0,244.0,244.0,2.6917763200000007
2015-03-27,244.0,259.97,244.0,259.97,0.044
2015-03-29,244.0,244.0,239.65,240.0,0.5062668
2015-03-30,239.65,246.0,235.0,246.0,3.4559345900000005
2015-03-31,246.0,246.0,234.0,237.0,3.23297452
2015-04-01,238.0,242.0,234.0,242.0,2.8810994699999997
2015-04-02,240.0,250.28633833,237.0,249.0,3.9244525000000015
2015-04-03,249.0,252.0,245.0,249.0,4.151237600000001
2015-04-07,249.0,283.14,228.05,270.0,13.711114299999995
2015-04-08,245.0,259.99,237.0,237.0,4.306662200000001
2015-04-09,237.0,244.0,237.0,243.99,2.66650698
2015-04-10,242.0,242.0,239.0,239.0,1.3136524299999999
2015-04-11,239.0,239.0,239.0,239.0,0.6522
2015-04-12,238.0,238.0,238.0,238.0,0.844
2015-04-13,236.0,237.0,217.0,223.06,5.200491779999999
2015-04-16,221.0,252.84,220.0,224.0,4.45765231
2015-04-20,222.0,252.84,217.0,217.0,1.7313385999999997
2015-04-21,219.0,229.0,217.0,227.0,6.3746691900000005
2015-04-25,252.78,252.78,252.78,252.78,0.02
2015-04-27,220.0,228.0,217.0,228.0,5.27070119
2015-04-28,229.93,229.93,220.0,222.43898435,2.1346781
2015-04-30,229.815,254.0,229.81,254.0,2.05126658
2015-05-04,237.01,242.0,234.65,234.65,1.5614249899999997
2015-05-05,232.05,245.58,231.0,231.066,1.9264361099999996
2015-05-06,229.136,245.58,229.0,245.58,0.2224407
2015-05-07,230.0,245.0,227.01,236.0,3.2672398
2015-05-08,245.64,247.9,235.0,241.01,2.8901418100000003
2015-05-09,247.9,247.9,241.0,241.01,0.52324101
2015-05-11,237.15683311,243.99,232.0,242.0,2.5320779999999994
2015-05-13,239.0,250.59,237.0,237.0,1.78499041
2015-05-14,239.75,239.99,231.07,231.07,3.65822942
2015-05-15,234.0,239.0,229.9,235.0,3.7544414200000005
2015-05-16,236.0,238.99,231.0,236.0,14.262929450000005
2015-05-17,235.0,237.0,230.0,230.0,8.974464249999999
2015-05-18,235.0,237.0,230.0,231.0,2.67355099
2015-05-19,231.0,257.0,229.0,232.0,7.983826859999999
2015-05-21,235.0,236.99,229.61,233.01,3.0730926799999994
2015-05-22,233.01,241.0,231.0,240.99,2.6233808
2015-05-25,236.0,241.0,234.0,236.0,2.1767768000000003
2015-05-26,238.99,239.0,235.0,239.0,2.5777843900000006
2015-05-27,235.01,240.95,234.0,235.01,3.6580307000000007
2015-05-28,239.0,240.76,234.0,238.0,3.01324209
2015-05-29,234.0,240.0,233.0,236.0,2.2752638099999998
2015-06-01,229.0,232.0,225.55,225.55,3.53624361
2015-06-02,225.56,226.0,224.75,224.8,1.6199940999999998
2015-06-07,223.0,224.75,223.0,223.0,0.51029729
2015-06-09,227.0,232.0,225.7465807,226.0,1.5640779100000002
2015-06-10,225.58,231.0,225.0,226.0,1.9692903999999998
2015-06-11,231.0,232.0,226.0,226.0,1.658526
2015-06-16,241.0,256.99,241.0,256.37,4.6132420000000005
2015-06-17,256.99,262.5,256.99,262.5,3.8128291199999995
2015-06-18,262.11,262.115,245.01,245.01,9.502204449999999
2015-06-19,248.0,248.0,248.0,248.0,0.0202
2015-06-20,245.01,245.01,245.0,245.0,1.02038601
2015-06-21,252.3,252.3,243.0,243.0,8.441375979999998
2015-06-22,244.0,249.0,244.0,249.0,1.8767593200000001
2015-06-24,248.0,248.0,242.0,242.01,4.70677908
2015-06-26,240.0,250.04,237.9,249.726,2.00395109
2015-06-27,247.06,250.04,247.054,248.17065011,1.8748538
2015-06-29,251.89,255.5,247.9,250.0,2.68332181
2015-06-30,262.0,270.0,260.0,263.01,6.367144709999999
2015-07-01,279.937,499.0,263.0,268.947,1.55190939
2015-07-02,268.947,268.947,252.0,254.0,1.22250949
2015-07-05,269.0,269.0,269.0,269.0,0.61837199
2015-07-06,269.0,282.86,269.0,282.86,0.5638820999999999
2015-07-07,254.49,282.97,254.0,272.92,10.29630559
2015-07-08,265.11,282.97,265.04,282.97,4.444298660000001
2015-07-09,271.01,280.07,271.01,279.91,1.8168004999999998
2015-07-10,283.13,354.39,282.53,292.62,6.2639515900000005
2015-07-13,287.98,288.19,283.14,287.94,1.39174849
2015-07-14,287.93,292.62,278.0,287.99,10.38733784
2015-07-15,287.99,288.0,284.01,286.0,7.3416994099999995
2015-07-16,286.0,286.0,274.0,274.0,8.346171850000003
2015-07-17,274.0,276.0,273.5,276.0,2.83807399
2015-07-19,275.0,287.96,275.0,275.0,0.23126339999999998
2015-07-20,273.5,280.71,273.5,273.54,3.55749261
2015-07-21,287.93,287.937,273.76,274.34,0.49430230000000003
2015-07-22,273.74,479.39,273.51,479.39,5.731207700000003
2015-07-23,276.02,279.14,275.15,279.14,0.7607999900000001
2015-07-24,279.45,478.69,279.13,283.07,5.46121669
2015-07-25,288.0,288.0,288.0,288.0,0.99831101
2015-07-27,479.0,1800.0,287.0,295.0,85.14881767999998
2015-07-28,298.71,298.71,293.0,293.03,11.141885999999998
2015-07-29,295.01,295.02,291.0,291.01,3.8448617800000005
2015-07-30,291.01,291.01,287.0,288.01,5.530048969999999
2015-07-31,288.0,290.0,287.0,290.0,15.228741079999995
2015-08-01,290.0,290.0,290.0,290.0,3.9933999999999985
2015-08-02,290.0,290.0,287.0,287.0,18.037200040000005
2015-08-03,287.0,287.0,287.0,287.0,1.0
2015-08-04,299.0,299.0,287.0,287.0,12.478799100000002
2015-08-05,287.0,287.0,287.0,287.0,0.8568387000000001
2015-08-06,287.0,287.0,287.0,287.0,0.0272
2015-08-07,283.0,297.9,275.0,275.0,18.059528889999978
2015-08-08,275.5,275.5,269.5,270.0,1.7509479999999995
2015-08-09,269.5,269.5,265.0,265.0,1.7163759999999997
2015-08-10,264.0,264.0,262.0,263.0,3.2959919899999996
2015-08-11,297.9,370.01,297.9,370.01,0.28623831
2015-08-17,263.0,360.0,263.0,263.0,1.5460339799999998
2015-08-18,359.96,359.96,244.05,244.05,0.48513779
2015-08-19,244.05,244.05,232.85,232.85,2.63821119
2015-08-23,230.77,264.62,229.0,229.0,4.249175129999999
2015-08-25,210.054,227.0,210.0,227.0,9.152757059999999
2015-09-01,240.0,240.0,240.0,240.0,3.12263099
2015-09-03,223.0,224.0,220.0,224.0,1.11969439
2015-09-04,224.0,224.0,224.0,224.0,0.1420056
2015-09-09,224.0,224.0,224.0,224.0,0.3244861
2015-09-21,223.99,223.99,223.99,223.99,0.0629
2015-09-22,289.0,300.0,225.01,230.0,3.71559469
2015-09-23,232.99,277.217,232.99,277.21,1.42410003
2015-09-24,235.0,254.57,227.55,254.57,2.7686459099999996
2015-09-25,228.21,254.15,224.0,237.09,1.2750595900000001
2015-09-26,240.0,240.0,234.0,234.0,1.17520772
2015-09-27,234.0,234.0,234.0,234.0,0.09
2015-09-28,236.0,254.99,236.0,254.99,0.321136
2015-09-30,235.58181433,236.0,232.01,236.0,1.0255734
2015-10-02,230.0,234.0,230.0,234.0,0.5382144999999999
2015-10-05,232.0,238.0,231.0,234.0,1.71793941
2015-10-06,236.0,245.0,234.0,244.0,1.3590974999999996
2015-10-08,242.0,243.0,242.0,243.0,0.46543650000000003
2015-10-09,277.9,277.9,277.89,277.89,1.01849602
2015-10-13,239.03,243.04,239.0,241.01,0.6255536
2015-10-14,247.01,254.46,246.01,250.0,1.9502697899999994
2015-10-15,250.2,254.5,250.01,253.0,0.9488155999999998
2015-10-16,262.0,316.0,253.01,261.0,3.2956736600000007
2015-10-17,270.0,270.0,270.0,270.0,0.0925926
2015-10-19,262.0,262.0,258.01,260.0,1.4769474999999996
2015-10-20,264.0,269.0,261.0,266.0,1.2235074
2015-10-21,266.0,268.0,230.0,262.0,1.360639
2015-10-22,267.0,279.41453708,262.0,268.0,3.0369549
2015-10-23,267.0,272.0,267.0,271.0,2.950123090000001
2015-10-24,268.0,268.0,268.0,268.0,0.30247301
2015-10-26,270.0,315.93,270.0,279.0,1.4294603999999997
2015-10-28,281.0,313.55,280.0,295.0,2.2061468
2015-10-29,297.01,308.01,297.0,301.0,3.39443839
2015-10-30,325.0,325.0,325.0,325.0,1.1805000000000003
2015-11-02,300.0,300.0,300.0,300.0,1.5
2015-11-09,360.0,559.95,359.0,367.0,3.26782161
2015-11-10,365.0,366.0,339.0,339.0,2.51856804
2015-11-11,338.0,370.0,336.2,370.0,0.4105000000000001
2015-11-15,330.0,330.0,330.0,330.0,0.0167576
2015-11-18,326.0,399.95,325.0,331.0,1.2743010899999998
2015-11-19,327.0,335.951,318.0,320.0,1.4990338999999997
2015-11-20,390.0,390.0,350.0,350.0,4.0825000000000005
2015-11-24,316.0,325.165,311.0,313.0,2.9376841099999997
2015-11-26,395.0,395.0,370.0,370.0,6.949830989999995
2015-12-01,371.0,371.0,371.0,371.0,0.2642318
2015-12-02,499.0,499.0,351.049,356.0,0.5943349
2015-12-07,354.0,498.89,354.0,383.0,2.79917551
2015-12-08,386.0,392.0,386.0,389.0,0.9367232099999998
2015-12-09,390.0,390.0,390.0,390.0,0.0605
2015-12-11,430.0,440.0,425.0,437.0,1.2374017000000002
2015-12-12,425.0,550.0,425.0,550.0,0.9163999999999998
2015-12-14,433.0,442.0,432.0,442.0,1.3028784100000002
2015-12-15,446.0,472.787,443.0,452.0,1.67528939
2015-12-17,432.0,435.0,432.0,435.0,0.21949970000000002
2015-12-21,432.0,580.0,432.0,580.0,0.0927
2015-12-22,431.0,435.0,430.0,433.0,0.5345997
2015-12-26,429.9,429.9,425.0,425.0,0.4336765000000001
2016-01-05,435.0,500.0,426.0,429.0,2.6603012999999995
2016-01-06,428.0,430.0,425.0,425.0,1.5392678
2016-01-07,425.0,560.0,425.0,458.0,1.4214678
2016-01-08,449.0,560.0,439.05,440.0,0.7157197999999999
2016-01-09,448.0,448.0,442.0,442.0,0.7715951099999999
2016-01-10,442.0,442.0,442.0,442.0,0.19559801
2016-01-12,559.95,599.0,444.0,444.0,0.91959612
2016-01-15,432.7,432.7,417.55,417.55,1.1835
2016-01-25,414.7,414.7,391.0,395.0,12.025368050000004
2016-01-26,396.0,435.0,393.0,398.0,7.205926309999998
2016-01-27,401.0,460.0,393.049,401.0,4.6753242
2016-01-28,400.0,550.0,382.178,386.0,29.03704534000002
2016-01-29,386.0,399.581,384.0,384.0,8.570065010000002
2016-01-30,388.0,388.0,388.0,388.0,0.1
2016-02-01,384.0,419.0,376.0,376.0,4.719207680000001
2016-02-02,382.0,386.0,378.0,378.01,3.11480559
2016-02-03,384.0,384.0,369.0,376.0,5.957426479999997
2016-02-04,374.0,415.0,373.0,387.0,5.541839679999997
2016-02-05,415.0,415.0,383.0,386.0,10.63067515
2016-02-08,383.0,415.0,370.0,373.0,7.67448992
2016-02-09,373.0,418.5,371.0,376.0,14.896044550000003
2016-02-10,376.0,429.0,375.0,429.0,0.11801829999999999
2016-02-11,378.0,382.0,373.0,377.0,5.550839669999999
2016-02-12,383.0,407.99,372.5,384.0,6.153718
2016-02-13,401.99,401.99,401.99,401.99,0.0702736
2016-02-14,402.0,402.0,402.0,402.0,0.039801
2016-02-15,405.051,405.051,405.0,405.0,0.8252999999999999
2016-02-16,405.051,409.0,401.0,408.0,5.966246519999998
2016-02-17,408.01,424.0,408.0,423.0,37.49179188999999
2016-02-18,424.0,478.0,415.08,422.0,5.22996242
2016-02-19,422.0,423.0,417.0,421.0,2.4873188099999997
2016-02-20,425.0,425.0,425.0,425.0,0.39997699999999997
2016-02-21,450.0,450.0,395.241,395.241,0.38085821
2016-02-22,435.0,442.0,434.0,441.0,4.7947443000000005
2016-02-25,425.0,449.95,419.0,426.0,5.565621800000001
2016-02-26,425.0,427.0,423.0,424.0,3.0472086
2016-02-29,444.7,444.7,444.7,444.7,0.117338
2016-03-01,436.0,436.0,430.0,433.0,1.3291137100000001
2016-03-02,434.99,439.0,430.0,430.99,1.4762621999999999
2016-03-05,392.8,445.0,387.01,445.0,5.714449349999999
2016-03-06,442.0,442.0,387.0,408.0,6.5640372000000005
2016-03-07,411.0,416.0,410.0,416.0,1.6559026899999998
2016-03-08,387.01,387.01,387.01,387.01,0.0129199
2016-03-09,411.0,450.0,411.0,450.0,1.8335761000000002
2016-03-14,434.98,434.98,434.98,434.98,0.1726009
2016-03-15,417.0,422.99,412.0,417.0,4.180339200000001
2016-03-16,416.0,430.99,410.01,417.0,4.564228399999999
2016-03-17,418.0,424.0,414.01,419.0,3.313711889999999
2016-03-18,418.0,418.0,405.0,409.0,3.6120974100000014
2016-03-21,411.0,413.0,409.0,409.0,4.19718129
2016-03-23,430.0,430.0,430.0,430.0,0.160256
2016-03-25,418.0,418.99,412.0,418.0,4.108833829999998
2016-03-26,387.01,387.01,387.01,387.01,0.0801692
2016-03-28,419.0,419.0,419.0,419.0,0.118717
2016-03-29,422.99,422.99,411.0,416.0,3.8167018000000015
2016-03-30,387.01,415.0,385.0,415.0,5.81253106
2016-03-31,429.99,430.99,414.0,417.0,3.5879242799999993
2016-04-03,385.01,415.0,385.01,415.0,0.15372281
2016-04-04,415.0,415.0,415.0,415.0,0.0866506
2016-04-05,415.0,489.0,415.0,422.0,18.87910101
2016-04-10,450.0,450.0,450.0,450.0,0.027
2016-04-11,450.0,450.0,420.0,422.0,0.4592908
2016-04-12,422.0,422.0,385.01,422.0,0.114
2016-04-13,424.99,425.0,423.99,425.0,0.15565
2016-04-15,425.0,425.0,425.0,425.0,0.012
2016-04-17,385.13,385.13,385.13,385.13,0.1
2016-04-18,424.99,424.99,424.99,424.99,0.0902139
2016-04-20,428.01,450.0,428.01,450.0,12.52007089
2016-04-26,385.13,467.99,385.13,467.99,0.72784901
2016-04-27,457.0,457.0,453.0,456.0,1.9470251899999997
2016-04-28,450.1,452.0,445.0,450.0,6.737425930000001
2016-04-30,450.0,450.0,449.0,449.01,0.7100998899999998
2016-05-02,449.01,449.01,449.0,449.0,0.4571
2016-05-05,449.0,451.0,447.0,451.0,2.02066649
2016-05-06,454.0,460.0,451.0,460.0,1.4233341999999998
2016-05-07,455.01,455.01,455.01,455.01,0.8059
2016-05-08,455.01,455.01,455.0,455.01,1.66583848
2016-05-10,491.0,497.0,491.0,497.0,1.4806095899999998
2016-05-12,453.0,497.0,451.0,454.0,2.1617824299999997
2016-05-17,454.0,456.0,400.0,454.0,4.063726309999998
2016-05-18,455.99,456.0,455.99,456.0,0.43552649
2016-05-23,444.0,445.0,441.0,445.0,0.62939094
2016-05-24,443.0,448.0,441.01,448.0,3.69484359
2016-05-25,450.0,451.0,445.0,448.0,1.71637709
2016-05-26,454.0,454.0,448.0,452.0,0.34551469999999995
2016-05-27,460.0,480.0,460.0,474.0,4.718358350000001
2016-05-28,474.0,502.9,474.0,499.0,0.5719017
2016-06-01,599.99,599.99,599.99,599.99,0.0350006
2016-06-02,600.0,999.0,599.99,999.0,4.88309305
2016-06-03,551.48,580.0,536.01,580.0,9.82553676
2016-06-04,587.0,797.99,580.0,580.11,7.320588889999996
2016-06-05,600.0,600.0,600.0,600.0,0.019
2016-06-07,649.99,798.0,649.99,798.0,3.1814261
2016-06-08,700.0,700.0,700.0,700.0,0.0016
2016-06-09,600.0,600.0,600.0,600.0,0.54366702
2016-06-13,615.0,615.0,615.0,615.0,0.00881572
2016-06-21,715.01,715.01,660.0,660.0,1.1418580000000003
2016-06-22,660.0,660.0,660.0,660.0,3.0776999500000004
2016-06-24,719.99,719.99,719.99,719.99,0.0225697
2016-06-25,720.0,720.0,720.0,720.0,2.746527599999997
2016-06-28,849.0,849.0,849.0,849.0,0.0399
2016-06-30,675.0,675.0,675.0,675.0,0.05
2016-07-04,620.01,620.01,620.01,620.01,0.02
2016-07-05,749.0,749.0,749.0,749.0,0.0164887
2016-07-07,635.0,635.0,627.0,627.0,0.112
2016-07-11,530.0,650.0,528.75,533.5,0.57000111
2016-07-12,745.0,800.0,745.0,800.0,0.53018919
2016-07-13,750.0,790.0,750.0,779.0,0.41335441
2016-07-19,590.0,725.99,590.0,725.99,0.0717273
2016-07-20,725.99,725.99,725.99,725.99,0.00743811
2016-07-21,625.06,625.06,625.06,625.06,0.02
2016-07-22,690.0,690.0,690.0,690.0,0.105188
2016-07-26,680.0,685.0,680.0,685.0,0.40058399
2016-07-27,625.0,683.5,625.0,680.0,0.1794362
2016-07-28,630.0,630.0,630.0,630.0,0.07507086
2016-07-30,640.0,640.0,640.0,640.0,0.0379467
2016-07-31,640.0,640.0,630.0,630.0,0.0541351
2016-08-01,630.0,630.0,630.0,630.0,0.0248975
2016-08-02,615.09,677.99,528.5,528.5,0.45951090000000006
2016-08-04,535.01,535.01,535.0,535.01,0.200542
2016-08-05,535.0,535.0,535.0,535.0,0.78504699
2016-08-06,535.0,550.0,535.0,550.0,0.7267381
2016-08-08,620.0,660.0,535.01,540.01,1.15598761
2016-08-09,667.99,667.99,600.0,600.0,0.14178814
2016-08-11,600.1,639.99,600.0,600.1,0.12764887000000003
2016-08-12,600.0,600.1,600.0,600.1,0.2825528
2016-08-13,590.01,639.99,590.01,639.99,0.04949245
2016-08-14,600.0,600.0,585.0,585.0,0.1751937
2016-08-15,589.99,600.99,589.99,600.99,0.24083949
2016-08-16,589.0,589.0,589.0,589.0,0.0226486
2016-08-17,585.0,645.0,580.0,580.0,0.45141198
2016-08-19,645.0,650.0,645.0,650.0,0.0679071
2016-08-21,615.0,620.0,615.0,620.0,0.15939114999999998
2016-08-22,590.0,614.0,580.02,614.0,1.1953998900000002
2016-08-25,565.0,613.98,565.0,613.98,0.2744468
2016-08-26,565.01,565.01,565.01,565.01,0.0429759
2016-08-27,613.98,613.98,613.98,613.98,0.00623799
2016-08-28,565.01,565.01,565.01,565.01,0.0573012
2016-08-29,565.01,565.01,565.01,565.01,0.042966
2016-08-30,613.97,613.97,613.97,613.97,0.162874
2016-08-31,565.01,612.99,522.01,523.1,2.08761876
2016-09-01,522.01,599.97,522.01,599.97,0.035450800000000005
2016-09-02,522.01,589.99,522.01,584.99,0.5524623
2016-09-03,569.00700611,585.0,569.00700611,585.0,0.28604139999999995
2016-09-04,568.60742254,611.99,568.60742254,598.0,0.08634479999999999
2016-09-05,598.0,611.99,568.60742254,609.99,0.1749773
2016-09-06,609.99,650.0,568.60742254,600.0,0.44112110999999987
2016-09-07,605.0,615.99,568.60742254,605.0,0.6304881
2016-09-08,629.99,650.0,604.25146992,624.0,0.72113299
2016-09-09,623.0,632.0,590.0,606.06060606,0.18981072999999998
2016-09-10,621.01,621.01,621.01,621.01,0.0431409
2016-09-11,640.0,640.0,640.0,640.0,0.006
2016-09-12,600.66540779,683.5,560.01,630.0,2.7065607699999994
2016-09-13,630.0,630.0,630.0,630.0,0.75872999
2016-09-14,609.995,689.0,609.995,659.0,2.01308019
2016-09-15,658.99,658.99,658.98,658.98,0.01490174
2016-09-16,640.0,680.0,618.0,670.0,1.0077537799999996
2016-09-17,645.0,699.0,618.0,631.01,2.61291562
2016-09-20,650.0,670.0,650.0,670.0,0.1017641
2016-09-21,621.99,998.0,610.0,700.0,3.9781472
2016-09-22,610.01,700.0,608.0,625.0,2.930049460000001
2016-09-23,620.0,620.0,620.0,620.0,0.03
2016-09-25,616.01,616.01,616.0,616.0,0.00713624
2016-09-26,626.0,680.0,626.0,663.0,0.7092444799999998
2016-09-27,628.01,629.0,620.0,624.0,2.3140608100000004
2016-09-28,635.0,679.4,621.0,621.0,0.3352501500000001
2016-09-29,622.01,649.99,620.0,649.99,0.10358723
2016-10-01,623.0,649.0,623.0,649.0,0.0032381099999999998
2016-10-02,622.0,643.0,621.51,643.0,0.007346200000000001
2016-10-03,621.03,645.0,591.0,645.0,1.06634569
2016-10-04,639.0,653.0,596.01,596.01,0.12001596999999997
2016-10-05,648.0,984.0,647.99,800.0,4.687177379999999
2016-10-06,650.0,800.0,620.0,625.0,4.776991740000001
2016-10-07,635.0,700.0,623.01,675.0,0.6786200499999999
2016-10-08,675.0,675.0,629.0,629.0,1.5089993399999997
2016-10-09,629.0,629.0,628.0,628.5,0.60442149
2016-10-11,655.0,662.0,650.0,655.0,0.11244871
2016-10-12,656.0,656.01,645.0,645.0,0.7676156699999999
2016-10-13,657.0,993.0,641.03,658.0,15.916544190000002
2016-10-14,654.0,851.0,649.0,652.5,57.40539915000003
2016-10-15,653.5,653.5,649.99,649.99,4.3544302
2016-10-16,660.0,697.98,660.0,697.98,0.0159359
2016-10-17,643.01,674.99,643.01,649.0,1.0264249
2016-10-18,649.01,700.0,590.0,688.0,3.64007197
2016-10-20,664.0,685.0,630.0,680.0,0.20309690000000002
2016-10-21,680.0,685.0,635.0,645.0,0.26838101000000003
2016-10-22,670.0,688.5,635.0,688.0,0.70745781
2016-10-23,687.0,688.5,687.0,688.5,0.057000010000000004
2016-10-24,640.0,700.0,600.0,615.01,4.39653221
2016-10-25,699.0,700.0,699.0,700.0,0.01414158
2016-10-26,734.0,734.0,698.0,734.0,1.09325631
2016-10-27,710.99,726.0,680.41,726.0,1.5755981500000005
2016-10-28,705.0,779.0,610.0,690.18,20.026257180000012
2016-10-29,692.01,740.99,692.01,740.99,0.33623577000000004
2016-10-30,712.0,712.0,696.0,699.0,15.94403263
2016-10-31,705.0,775.0,705.0,720.0,1.3052459299999999
2016-11-01,740.0,776.0,722.01,726.0,8.423287390000006
2016-11-02,772.0,775.0,683.0,763.0,8.413312709999998
2016-11-03,761.0,779.0,700.0,700.0,1.62977097
2016-11-04,740.0,752.0,707.01,749.99,2.70686723
2016-11-05,743.84,751.0,739.91,739.91,1.7562084699999998
2016-11-06,749.0,749.0,711.5,748.35,0.34010601
2016-11-07,747.99,747.99,717.0,717.0,0.0672557
2016-11-08,735.0,745.0,718.05,718.05,1.51826806
2016-11-09,718.45,750.0,718.45,748.0,0.5276205199999999
2016-11-10,725.01,774.0,725.01,774.0,0.28018772000000003
2016-11-11,764.88,863.0,735.0,750.0,24.6313885
2016-11-12,735.01,780.0,734.0,755.0,0.8257728599999998
2016-11-13,745.0,777.0,706.0,775.0,4.9037873
2016-11-14,721.01,775.0,699.0,707.0,10.432583839999998
2016-11-15,707.0,748.0,680.0,744.0,2.21627395
2016-11-16,690.9775,778.0,690.9775,776.5,4.24786005
2016-11-17,776.5,777.0,706.0,777.0,6.1435014400000005
2016-11-18,708.01,776.5,708.01,770.0,0.9506424800000001
2016-11-19,776.0,799.0,755.0,777.0,2.58142133
2016-11-20,756.0,774.99,739.99,764.0,3.4268673200000004
2016-11-21,735.01,764.0,735.01,750.0,0.6283583100000001
2016-11-22,770.0,799.0,736.03,798.99,8.88081084
2016-11-23,761.0,863.0,750.0,863.0,19.879186729999997
2016-11-24,785.0,790.0,758.0,787.0,5.3487830700000005
2016-11-25,780.0,838.0,756.0,783.99,10.878074960000003
2016-11-26,784.0,790.0,745.0,745.0,8.144164669999999
2016-11-27,745.0,788.0,745.0,748.05,6.87911716
2016-11-28,772.95,772.95,750.8,768.9,0.8707624300000001
2016-11-29,751.0,771.99,750.5,771.99,2.0912392499999997
2016-11-30,772.0,775.97,760.5,773.24,2.41325928
2016-12-01,773.24,784.0,753.01,760.1,3.7192362400000007
2016-12-02,780.0,805.0,772.11,776.0,8.263355050000001
2016-12-03,804.9,808.0,778.0,800.0,4.916480489999999
2016-12-04,799.99,800.0,782.0,799.9,0.38062854
2016-12-05,799.0,801.5,771.0,798.0,6.470321729999999
2016-12-06,797.0,820.0,777.51,819.0,5.764739789999998
2016-12-07,814.5,825.0,795.0,815.0,7.483461209999998
2016-12-08,814.0,835.0,794.02,820.0,18.31223815000001
2016-12-09,794.05,817.5,785.0,817.5,0.69275692
2016-12-10,785.51,829.0,785.51,800.0,5.20661967
2016-12-11,813.0,814.0,777.0,777.0,2.7200323699999998
2016-12-12,808.5,814.0,778.0,810.0,3.6035668299999997
2016-12-13,789.5,814.0,789.0,812.5,8.86596569
2016-12-14,800.0,811.49,790.0,810.47,3.2184479399999995
2016-12-15,795.0,809.99,782.0,804.09,1.3727549099999998
2016-12-16,803.99,819.99,787.5,818.0,4.35076235
2016-12-17,818.0,863.0,790.5,811.0,7.7487056400000025
2016-12-18,803.01,840.0,800.0,821.5,9.324370489999998
2016-12-19,800.5,836.0,795.2,809.0,7.6539420300000005
2016-12-20,831.5,833.0,809.0,828.99,4.2573694500000006
2016-12-21,830.0,865.0,815.0,864.0,2.1252037
2016-12-22,848.51,994.0,820.0,901.0,9.922582739999998
2016-12-23,902.5,989.9,902.5,977.99,5.103863160000001
2016-12-24,978.0,993.0,903.01,903.01,6.391996950000001
2016-12-25,946.99,946.99,903.0,918.99,2.1449572999999997
2016-12-26,940.99,940.99,852.08,922.0,0.3293508599999999
2016-12-27,939.89,982.0,921.98,982.0,0.7919932700000001
2016-12-28,957.0,995.0,957.0,979.01,2.7133812200000005
2016-12-29,993.5,999.0,955.01,987.5,9.523806180000003
2016-12-30,987.5,987.5,957.11,986.9,5.22150332
2016-12-31,986.9,992.0,957.1,992.0,6.21441585
2017-01-01,991.5,1000.0,969.01,969.01,5.822880929999999
2017-01-02,1014.0,1400.0,971.51,1060.0,10.835682509999996
2017-01-03,1006.59,1069.5,1006.59,1069.49,4.872132670000002
2017-01-04,1070.0,1240.0,1070.0,1210.0,5.38049427
2017-01-05,1210.0,1212.0,955.08,1068.0,17.408700969999998
2017-01-06,1016.01,1080.0,931.0,1001.0,9.037212119999998
2017-01-07,942.0,1001.0,860.0,967.5,5.57989579
2017-01-08,967.99,990.0,901.34,902.01,2.72923431
2017-01-09,922.5,999.0,922.5,957.5,11.648239199999997
2017-01-10,930.0,995.0,930.0,941.5,23.405351940000017
2017-01-11,974.0,974.0,799.0,820.0,20.193605240000004
2017-01-12,850.0,926.99,750.01,899.99,12.747921000000005
2017-01-13,800.06,922.0,800.06,822.01,9.61690753
2017-01-14,869.0,869.0,823.0,867.0,2.9294407899999997
2017-01-15,867.0,867.0,821.0,823.01,2.0572478899999997
2017-01-16,846.0,847.0,522.0,600.0,4.4793959999999995
2017-01-17,700.0,969.99,550.0,940.0,18.04780862000001
2017-01-18,952.0,954.0,860.01,890.0,15.10920317
2017-01-19,900.0,960.0,892.01,948.0,25.346648720000008
2017-01-20,918.5,950.0,911.0,921.0,14.876200630000005
2017-01-21,934.97,950.0,915.53,938.99,10.820920649999998
2017-01-22,938.9,946.98,912.0,939.0,4.780859810000001
2017-01-23,924.01,959.0,920.0,950.0,12.486229779999999
2017-01-24,927.51,1139.0,915.0,938.5,40.71831935999998
2017-01-25,918.0,950.0,907.0,921.52,20.099179360000004
2017-01-26,921.52,948.0,917.0,939.0,12.083586299999997
2017-01-27,930.0,959.95,923.0,940.0,11.517545530000007
2017-01-28,949.9,960.0,929.0,941.0,8.823430429999998
2017-01-29,942.02,959.9,938.0,938.5,15.092713770000001
2017-01-30,938.0,951.0,933.0,950.0,12.066157099999998
2017-01-31,949.99,998.9,941.0,995.0,21.320384340000004
2017-02-01,988.0,1000.0,973.0,998.9,10.752926830000003
2017-02-02,998.9,1034.5,990.0,1010.0,8.051715969999998
2017-02-03,1022.0,1038.0,1013.0,1017.0,14.662479829999995
2017-02-04,1037.5,1065.0,1016.03,1059.0,13.191712410000003
2017-02-05,1033.0,1058.49,1012.0,1042.5,7.594745219999998
2017-02-06,1042.98,1050.0,1021.5,1046.95,9.889462220000002
2017-02-07,1036.01,1100.0,1036.01,1080.0,13.421339699999997
2017-02-08,1082.0,1099.0,1062.1,1069.5,12.605460029999996
2017-02-09,1070.11,1095.0,959.99,1008.49,18.05669407
2017-02-10,997.0,1035.0,965.0,1013.0,11.02932089
2017-02-11,1021.0,1040.0,1011.01,1039.99,4.298704010000001
2017-02-12,1039.0,1040.0,995.01,1035.0,3.66083177
2017-02-13,1035.0,1045.0,997.0,1012.01,16.80895586
2017-02-14,1007.0,1055.0,1007.0,1053.99,17.641706500000005
2017-02-15,1040.0,1055.0,1015.06,1028.0,19.01200159
2017-02-16,1028.0,1070.0,1027.01,1050.0,15.105950069999993
2017-02-17,1050.0,1090.0,1035.02,1090.0,7.983525399999999
2017-02-18,1089.99,1200.0,1075.12,1079.0,9.431869529999997
2017-02-19,1079.0,1094.0,1061.0,1062.5,13.279040250000008
2017-02-20,1062.5,1090.0,1062.0,1090.0,8.28817405
2017-02-21,1080.18,1184.8,1072.01,1156.99,24.66848618000001
2017-02-22,1155.0,1176.0,1110.01,1175.41,16.56488493
2017-02-23,1160.5,1196.0,1141.0,1193.49,21.67146914
2017-02-24,1184.51,1228.0,1082.0,1183.99,31.746724360000005
2017-02-25,1185.0,1199.97,1102.18,1172.99,15.728276049999996
2017-02-26,1172.0,1184.99,1090.09,1155.01,7.782296579999999
2017-02-27,1155.51,1234.0,1112.01,1231.0,22.77496716
2017-02-28,1230.99,1230.99,1189.0,1204.5,11.029924900000001
2017-03-01,1205.0,1244.99,1203.5,1244.0,14.02377604
2017-03-02,1224.52,1276.99,1199.01,1264.99,20.74780483
2017-03-03,1259.0,1298.0,1246.09,1294.99,9.35451956
2017-03-04,1290.0,1334.99,1252.1,1302.0,27.093888140000004
2017-03-05,1301.49,1301.49,1263.54,1273.01,16.888003849999997
2017-03-06,1275.01,1293.99,1245.1,1293.0,7.55615865
2017-03-07,1293.0,1293.99,1212.01,1265.0,18.192557530000006
2017-03-08,1237.01,1290.0,1150.04,1150.04,28.906397029999994
2017-03-09,1150.03,1220.0,1150.0,1219.68,14.538439039999997
2017-03-10,1206.0,1269.5,1101.1,1144.0,27.81632758999999
2017-03-11,1167.95,1280.0,1131.03,1200.0,10.247193969999993
2017-03-12,1201.0,1260.0,1200.01,1227.11,7.29362888
2017-03-13,1258.5,1280.0,1205.0,1244.64,20.192218789999995
2017-03-14,1267.0,1279.97,1239.5,1279.0,12.917274010000003
2017-03-15,1258.0,1284.0,1258.0,1269.01,16.944257840000002
2017-03-16,1283.0,1284.0,1167.01,1241.0,40.79508620999999
2017-03-17,1212.0,1280.0,1136.0,1155.0,31.90941017000002
2017-03-18,1156.1,1210.0,971.0,1022.2,34.55540278000004
2017-03-19,1005.0,1190.0,1003.01,1105.0,23.53970826000001
2017-03-20,1095.0,1170.0,1092.0,1120.0,33.84434377000001
2017-03-21,1122.55,1197.99,1102.43,1169.0,23.04476777
2017-03-22,1135.51,1154.83,1060.0,1075.99,15.592057899999999
2017-03-23,1073.0,1119.0,1003.0,1060.55,16.52299323
2017-03-24,1061.0,1095.98,940.0,949.0,22.562029199999998
2017-03-25,870.01,990.98,870.0,990.98,8.321471719999996
2017-03-26,970.0,1050.0,956.01,999.99,6.545495959999998
2017-03-27,999.99,1064.99,965.05,1064.99,9.875797229999998
2017-03-28,1064.99,1119.99,1045.01,1108.0,19.083496719999996
2017-03-29,1108.0,1108.0,1040.0,1067.0,16.37979953
2017-03-30,1094.0,1096.4,1030.0,1078.0,12.618070509999999
2017-03-31,1080.0,1092.0,1057.0,1089.0,8.087317600000002
2017-04-01,1090.0,1114.98,1080.01,1114.96,7.816639940000002
2017-04-02,1100.0,1134.98,1086.11,1123.0,5.24580559
2017-04-03,1133.0,1190.0,1114.11,1188.74,15.404016769999998
2017-04-04,1154.01,1199.55,1130.01,1165.0,14.910595160000002
2017-04-05,1172.0,1172.0,1130.02,1158.99,9.924873830000003
2017-04-06,1158.99,1210.0,1158.99,1194.0,9.37426743
2017-04-07,1186.02,1209.77,1160.0,1209.77,4.179546580000001
2017-04-08,1209.77,1214.49,1160.32,1185.0,7.034852309999997
2017-04-09,1185.0,1250.0,1181.33,1217.01,8.610528350000001
2017-04-10,1246.7,1246.77,1212.01,1235.0,4.31174499
2017-04-11,1233.99,1234.5,1210.0,1223.5,5.543772270000001
2017-04-12,1223.5,1244.99,1214.0,1223.0,8.423477049999997
2017-04-13,1224.0,1244.0,1180.0,1214.0,14.083376149999989
2017-04-14,1193.0,1228.0,1185.02,1196.0,9.629090460000008
2017-04-15,1200.0,1200.0,1186.04,1186.04,7.088130269999997
2017-04-16,1186.05,1199.99,1186.03,1199.99,0.93088769
2017-04-17,1187.0,1200.0,1187.0,1200.0,2.41205398
2017-04-18,1200.0,1244.99,1188.32,1240.39,12.85120673
2017-04-19,1224.0,1232.1,1210.01,1215.0,6.832363360000001
2017-04-20,1215.0,1248.98,1215.0,1248.98,7.28609178
2017-04-21,1236.01,1260.0,1236.01,1255.4,4.619722489999997
2017-04-22,1255.4,1258.0,1221.02,1251.99,6.452682799999999
2017-04-23,1256.99,1256.99,1199.0,1200.01,11.972706860000002
2017-04-24,1251.95,1264.99,1081.0,1242.0,15.781482679999998
2017-04-25,1259.0,1280.0,1247.01,1265.0,5.904447769999999
2017-04-26,1280.0,1313.0,1258.01,1312.99,17.785168010000003
2017-04-27,1298.0,1349.0,1298.0,1340.0,17.187644390000013
2017-04-28,1339.0,1390.0,1287.01,1349.9,28.003208589999996
2017-04-29,1350.88,1366.0,1328.1,1359.99,4.0728471200000005
2017-04-30,1358.0,1399.99,1325.11,1356.0,10.134664269999998
2017-05-01,1355.99,1438.0,1331.03,1362.5,27.161679679999995
2017-05-02,1360.0,1500.0,1350.0,1434.99,22.004947480000006
2017-05-03,1437.0,1492.0,1400.0,1491.99,20.41833174000001
2017-05-04,1491.97,1630.0,1400.0,1480.0,38.11986146999999
2017-05-05,1569.0,1599.49,1485.01,1529.0,8.30303907
2017-05-06,1548.99,1600.0,1530.07,1575.0,24.508429769999996
2017-05-07,1560.0,1618.99,1549.0,1568.11,16.612461739999983
2017-05-08,1599.99,1740.0,1572.01,1725.99,17.378656810000006
2017-05-09,1650.0,1790.0,1633.0,1740.0,31.14113623
2017-05-10,1680.7,1789.99,1680.69,1772.0,9.886561390000004
2017-05-11,1760.0,1988.0,1746.0,1874.5,22.71337064000002
2017-05-12,1859.0,1880.0,1680.0,1700.0,34.8108094
2017-05-13,1700.0,1740.0,1638.0,1739.0,21.363163479999997
2017-05-14,1740.0,1846.99,1700.0,1781.03,11.633225849999997
2017-05-15,1781.03,1814.99,1656.02,1740.0,10.165835860000003
2017-05-16,1716.0,1775.0,1680.0,1775.0,7.757041369999999
2017-05-17,1774.99,1846.99,1703.02,1800.0,6.46812319
2017-05-18,1801.0,1885.0,1790.0,1875.99,11.450884639999998
2017-05-19,1884.48,2088.0,1875.99,1931.01,19.165544219999997
2017-05-20,1950.0,2019.98,1915.51,1980.0,6.415212079999999
2017-05-21,1980.0,2050.0,1768.09,2029.99,9.590204739999999
2017-05-22,2015.0,2350.0,2007.02,2080.0,30.19878069000001
2017-05-23,2179.0,2284.0,2106.0,2221.0,15.182198220000002
2017-05-24,2244.21,2470.0,2220.0,2469.0,60.30774155000001
2017-05-25,2430.83,2899.0,2332.01,2360.0,39.22564356999998
2017-05-26,2440.0,2699.0,2241.01,2331.0,21.602623089999998
2017-05-27,2450.0,2450.0,2005.0,2230.0,17.592889189999998
2017-05-28,2295.0,2500.0,2155.0,2338.0,18.32706174999999
2017-05-29,2388.0,2498.0,2156.01,2390.2,30.997044890000005
2017-05-30,2390.2,2500.0,2270.0,2361.99,21.737437090000004
2017-05-31,2383.0,2448.0,2300.01,2389.0,25.542446929999993
2017-06-01,2428.0,2581.97,2418.0,2430.31,19.828044430000006
2017-06-02,2499.99,2550.0,2465.0,2480.01,8.648678089999997
2017-06-03,2518.0,2679.97,2504.73,2595.01,10.30543139
2017-06-04,2625.01,2688.0,2568.0,2574.0,13.187230370000002
2017-06-05,2614.86,2798.99,2600.0,2713.03,13.292313640000007
2017-06-06,2796.39,3180.0,2713.05,2969.99,21.57262629999998
2017-06-07,2973.97,3044.91,2785.0,2849.0,17.50963702
2017-06-08,2848.99,2889.55,2753.8,2842.41,10.06508941
2017-06-09,2844.99,2973.75,2804.02,2900.0,4.219448979999999
2017-06-10,2878.05,2991.0,2878.05,2957.66,7.09047181
2017-06-11,2977.98,3069.99,2910.0,3067.99,8.15903739
2017-06-12,3067.0,3125.99,2750.0,2869.97,17.711011229999983
2017-06-13,2869.99,2955.0,2772.0,2823.0,12.135103759999998
2017-06-14,2830.0,2938.0,2550.0,2739.32,13.814205940000003
2017-06-15,2730.0,2730.0,2352.0,2575.0,8.571399169999998
2017-06-16,2575.0,2650.0,2450.1,2550.01,4.77312092
2017-06-17,2511.0,2699.0,2510.01,2699.0,4.196347829999999
2017-06-18,2691.11,2730.0,2500.0,2616.79,12.486706590000002
2017-06-19,2624.99,2683.0,2574.46,2610.01,8.29060964
2017-06-20,2610.08,2900.0,2605.0,2900.0,17.608421269999997
2017-06-21,2787.01,2896.94,2701.99,2800.0,11.305357620000002
2017-06-22,2800.0,2800.0,2679.0,2715.21,5.19154734
2017-06-23,2779.99,3099.99,2725.07,2782.34,16.302304690000003
2017-06-24,2727.05,2819.99,2641.1,2647.2,10.279081420000015
2017-06-25,2647.0,2750.0,2525.0,2634.84,16.021281479999992
2017-06-26,2599.99,2844.0,2354.01,2426.02,23.38692746999997
2017-06-27,2539.96,2649.01,2352.03,2555.0,21.208376439999995
2017-06-28,2555.0,2699.98,2481.0,2650.0,9.975218329999999
2017-06-29,2695.47,2700.0,2620.13,2689.0,20.984748020000005
2017-06-30,2689.0,2690.0,2600.0,2645.16,11.298977059999999
2017-07-01,2544.35,2657.99,2450.0,2469.84,14.58844692
2017-07-02,2593.67,2593.67,2498.04,2585.99,2.7828279499999997
2017-07-03,2513.9,2658.0,2513.78,2651.99,14.440790270000006
2017-07-04,2647.01,2688.0,2607.0,2610.05,12.031417700000002
2017-07-05,2629.13,846513.0,2570.0,2689.0,29.93598978000001
2017-07-06,2650.0,2691.01,2613.45,2686.0,12.274889159999999
2017-07-07,2630.5,2686.99,2511.03,2615.0,11.065068379999998
2017-07-08,2614.99,2615.0,2511.16,2613.0,1.68121566
2017-07-09,2615.0,2635.0,2550.0,2573.0,2.011092910000001
2017-07-10,2572.0,2619.79,2353.0,2420.0,28.66118532000001
2017-07-11,2425.0,2488.16,2355.0,2400.0,11.592330579999995
2017-07-12,2400.0,2497.0,2316.0,2450.0,7.785134120000003
2017-07-13,2498.88,2523.94,2401.0,2479.95,14.950368399999999
2017-07-14,2480.0,2482.46,2160.01,2200.0,21.912850400000007
2017-07-15,2250.0,2298.83,2000.0,2129.86,11.793506350000003
2017-07-16,2129.86,2328.0,1800.0,1965.0,22.697380810000002
2017-07-17,2116.99,2260.0,2055.58,2240.0,20.138565969999995
2017-07-18,2260.0,2439.9,2250.01,2399.96,8.246855359999993
2017-07-19,2302.0,2430.0,2235.0,2386.94,11.084888079999992
2017-07-20,2360.0,2728.98,2340.0,2660.59,45.57182987999999
2017-07-21,2729.0,2749.0,2595.02,2679.95,14.820457670000001
2017-07-22,2679.95,2841.95,2679.95,2820.08,12.08291438999999
2017-07-23,2839.59,2840.0,2695.0,2810.0,10.07445118
2017-07-24,2810.0,2819.99,2740.51,2770.0,2.240851679999999
2017-07-25,2799.99,2819.97,2540.0,2579.0,10.947149519999995
2017-07-26,2599.99,2619.18,2501.0,2585.0,6.54703264
2017-07-27,2590.0,2749.96,2510.0,2602.05,11.432377589999994
2017-07-28,2650.0,2807.96,2650.0,2798.88,11.806121460000004
2017-07-29,2685.07,2797.86,2600.01,2765.0,6.433941320000001
2017-07-30,2706.0,2760.0,2675.0,2710.03,2.7327238400000002
2017-07-31,2760.0,2900.0,2720.0,2790.0,6.55953627
2017-08-01,2933.0,3059.99,2750.0,2780.0,5.627347040000001
2017-08-02,2780.0,2844.9,2710.04,2811.99,3.7745370600000006
2017-08-03,2710.16,2812.0,2710.16,2800.0,1.8599064600000004
2017-08-04,2810.0,2900.0,2760.06,2878.0,4.095451710000001
2017-08-05,2878.0,3319.45,2877.0,3151.68,14.454243939999996
2017-08-06,3299.93,3299.95,3130.01,3146.51,3.22105538
2017-08-07,3237.92,3399.99,191.75,3380.0,52.10965505000002
2017-08-08,3380.0,3450.0,3250.0,3449.99,4.2676929900000005
2017-08-09,3398.0,3449.99,3261.11,3334.44,8.317452799999996
2017-08-10,3435.0,3600.0,3340.0,3568.0,18.713043400000007
2017-08-11,3491.0,4500.0,3476.1,3758.99,10.122733320000002
2017-08-12,3757.0,4389.99,3603.03,3821.0,16.112243529999994
2017-08-13,3957.0,4339.99,3840.01,4000.02,15.845387039999999
2017-08-14,4139.0,4386.0,4122.01,4376.89,5.199996349999999
2017-08-15,4376.89,4487.99,3901.05,4242.99,11.096568880000001
2017-08-16,4196.14,4399.9,4010.01,4330.0,8.601564609999997
2017-08-17,4400.0,4799.95,4301.0,4419.18,42.8374766
2017-08-18,4411.0,4592.97,4202.0,4229.01,15.044417699999995
2017-08-19,4482.99,4500.99,4160.0,4370.0,10.900496080000009
2017-08-20,4256.0,4468.99,4233.0,4250.02,5.959701679999995
2017-08-21,4250.02,4372.0,4111.0,4120.05,4.87941206
2017-08-22,4116.0,4248.0,3920.0,4170.0,14.463672309999996
2017-08-23,4171.0,4400.0,4060.0,4250.0,7.117491380000001
2017-08-24,4250.0,4450.0,4171.02,4384.0,7.472663749999998
2017-08-25,4384.0,4600.0,4306.03,4430.0,6.48573981
2017-08-26,4434.0,4495.74,4305.04,4390.04,3.0349242099999993
2017-08-27,4390.04,4465.99,4360.0,4370.04,6.524942269999995
2017-08-28,4371.01,4500.0,4311.06,4458.0,6.858955980000003
2017-08-29,4430.0,4698.0,4430.0,4600.0,9.980889060000022
2017-08-30,4536.03,4695.99,4536.03,4615.0,5.8199228499999975
2017-08-31,4573.03,4898.94,4573.02,4770.0,11.77836645999999
2017-09-01,4770.0,4950.0,4760.0,4904.22,9.79454699999999
2017-09-02,4917.75,4986.99,4654.22,4655.02,22.10395443
2017-09-03,4730.0,4855.99,4655.03,4720.06,2.479806730000001
2017-09-04,4720.04,4856.0,4370.0,4500.02,15.152799009999999
2017-09-05,4500.01,4900.0,4373.01,4600.01,14.867743870000009
2017-09-06,4709.99,4850.0,4600.02,4800.0,6.273127339999998
2017-09-07,4800.0,4867.41,4735.0,4750.06,4.197541750000004
2017-09-08,4750.06,4858.0,4500.0,4610.0,75.44418226999994
2017-09-09,4610.01,4800.0,4500.2,4513.07,8.08124472
2017-09-10,4513.07,4681.0,4401.0,4450.0,10.952056449999999
2017-09-11,4470.01,4600.0,4401.0,4440.0,7.10499345
2017-09-12,4444.01,4700.0,4401.03,4460.0,11.910125059999999
2017-09-13,4460.01,4460.01,4003.0,4065.04,17.597970419999992
2017-09-14,4065.04,4147.98,3603.07,3676.99,50.27159946000002
2017-09-15,3605.0,4399.9,3090.0,3811.0,93.9231127399999
2017-09-16,3811.01,4129.24,3611.38,3742.13,7.85911842
2017-09-17,3742.71,3949.99,3612.01,3899.92,6.7231863800000005
2017-09-18,3850.0,4344.0,3789.1,4248.98,13.492862749999997
2017-09-19,4134.36,4342.29,3011.0,3990.0,17.088699119999987
2017-09-20,4049.99,4149.95,3950.01,4012.32,8.757179610000001
2017-09-21,4000.05,4109.49,3700.03,3701.32,10.189566229999997
2017-09-22,3897.95,3969.0,3600.02,3632.96,9.806748900000004
2017-09-23,3700.0,3887.0,3700.0,3800.01,4.842817449999998
2017-09-24,3810.0,4098.0,3600.06,3726.0,4.740077950000001
2017-09-25,3810.0,3998.99,3703.01,3985.99,3.26335333
2017-09-26,3938.01,4044.99,3926.02,3999.99,0.9845675100000002
2017-09-27,4000.0,4231.87,3950.0,4203.94,10.12211696
2017-09-28,4181.48,4276.3,3995.0,4222.98,23.258420030000003
2017-09-29,4222.98,4225.0,4002.0,4224.7,9.708714629999994
2017-09-30,4111.0,4445.0,4111.0,4340.01,10.29652041999998
2017-10-01,4320.0,4379.99,4255.0,4340.0,9.868577029999999
2017-10-02,4350.0,4445.0,4302.0,4438.0,14.910228479999995
2017-10-03,4438.0,4438.0,3995.0,4303.01,4.41126685
2017-10-04,4050.0,4500.01,4001.0,4250.0,15.81057612000001
2017-10-05,4250.0,4375.0,4220.0,4282.51,0.6243592800000003
2017-10-06,4300.32,4443.99,4300.32,4341.11,8.349240720000001
2017-10-07,4341.12,4399.0,4304.03,4399.0,5.176445370000001
2017-10-08,4399.0,4624.83,4350.03,4570.5,6.976609800000002
2017-10-09,4624.83,4799.99,4555.0,4754.83,24.062202540000023
2017-10-10,4716.19,4794.8,4605.93,4708.0,2.601961070000001
2017-10-11,4708.0,4814.79,4708.0,4789.0,2.36676388
2017-10-12,4789.0,4999.0,4789.0,4949.98,11.969791100000004
2017-10-13,4949.98,5210.0,4450.0,5210.0,20.60720479999999
2017-10-14,5213.51,5500.0,5000.02,5500.0,2.0104922799999985
2017-10-15,5500.0,5541.6,5288.0,5462.19,1.7853183499999974
2017-10-16,5462.19,5600.0,5422.27,5600.0,4.281837690000001
2017-10-17,5600.09,5600.1,5515.1,5516.0,2.7195848400000013
2017-10-18,5515.1,5586.26,5005.01,5519.98,6.886337210000001
2017-10-19,5519.98,5620.53,5519.98,5620.0,15.350892520000002
2017-10-20,5590.62,5753.51,5590.6,5753.51,32.63290254999998
2017-10-21,5753.51,6500.01,5750.0,6023.4,8.018307079999998
2017-10-22,5800.07,6099.99,5752.0,5908.09,1.7832156
2017-10-23,5908.09,6100.0,5715.0,5849.9,6.412773900000006
2017-10-24,5801.04,5894.02,5000.0,5511.46,11.193052830000003
2017-10-25,5702.23,5850.0,5270.0,5604.0,12.780735260000007
2017-10-26,5571.17,5880.0,5571.17,5880.0,8.166997859999999
2017-10-27,5880.0,5880.0,5700.0,5705.53,4.810410359999998
2017-10-28,5705.53,5761.8,5595.38,5761.8,1.9352495699999959
2017-10-29,5750.0,6032.5,5655.0,5999.99,16.20712377
2017-10-30,5999.99,6021.0,5855.86,5944.86,2.66919539
2017-10-31,6020.0,6050.0,5944.86,6050.0,18.040572359999995
2017-11-01,6050.0,6100.0,5780.0,6100.0,13.994073030000028
2017-11-02,6099.99,6788.7,5680.09,6788.7,37.75951077999994
2017-11-03,6788.7,7298.0,6788.7,7000.01,27.08619412999996
2017-11-04,7000.02,7346.03,6937.0,7330.18,13.456211869999997
2017-11-05,7250.63,7418.99,7250.63,7380.02,10.801369959999995
2017-11-06,7309.84,7415.78,6935.02,7063.35,4.5316529
2017-11-07,7063.35,7300.0,6621.01,7144.0,16.305884070000005
2017-11-08,7270.0,7750.02,7144.0,7260.2,58.569025429999975
2017-11-09,7298.0,7313.97,7150.0,7230.0,27.007015189999994
2017-11-10,7230.0,7325.0,6501.03,7047.0,51.741666160000015
2017-11-11,6715.0,7043.99,6220.04,6436.96,10.78828014
2017-11-12,6406.0,6730.0,5400.0,6176.93,17.06910982
2017-11-13,6176.93,6999.0,5809.02,6404.02,11.141178139999992
2017-11-14,6470.48,6799.93,6400.0,6460.01,9.898464539999996
2017-11-15,6585.83,7410.99,6565.0,7211.77,20.18812832999997
2017-11-16,7276.0,11000.0,7189.02,7992.99,22.195720709999975
2017-11-17,7870.0,8158.97,7500.09,7820.0,10.424738150000001
2017-11-18,7809.99,8017.89,7600.13,7811.7,3.505511939999997
2017-11-19,7790.01,8095.0,7756.16,8085.99,7.598619469999995
2017-11-20,7973.99,8399.99,7973.99,8260.0,8.67893607
2017-11-21,8335.0,8494.0,7757.0,8100.04,14.726523649999988
2017-11-22,8105.0,8489.99,8000.0,8263.5,7.530276350000002
2017-11-23,8263.5,8344.99,8150.04,8172.02,6.876219309999992
2017-11-24,8172.02,8329.0,8052.0,8220.0,5.140436000000003
2017-11-25,8200.02,8997.0,8151.02,8798.87,8.844880749999993
2017-11-26,8681.4,9500.0,8636.11,9163.08,4.490761340000011
2017-11-27,9180.15,9920.01,8742.63,9658.41,13.34365562000002
2017-11-28,9619.25,10200.0,9470.02,9888.07,10.353924289999988
2017-11-29,9909.47,20000.0,9000.0,9800.0,50.999972880000186
2017-11-30,9800.0,10499.0,9205.0,9875.85,22.469417370000006
2017-12-01,10090.97,10950.0,9548.0,10750.0,13.996248439999999
2017-12-02,10711.01,11111.0,10600.0,11099.79,9.522495300000001
2017-12-03,10655.55,12000.0,10613.0,11127.99,16.77250806999999
2017-12-04,11127.99,11631.0,11000.0,11339.9,10.12636696999999
2017-12-05,11264.82,11940.0,11248.0,11701.0,8.888089580000003
2017-12-06,11701.0,14425.0,11625.0,13750.0,28.043671809999907
2017-12-07,13998.0,18550.0,13600.0,16633.0,29.729863440000006
2017-12-08,16100.23,16799.0,14010.0,15747.54,19.07933143000001
2017-12-09,15800.01,16290.0,13005.0,14503.51,12.023909709999982
2017-12-10,14503.51,15778.72,13310.0,14835.91,12.437454490000034
2017-12-11,15112.13,17800.0,15112.13,16629.6,17.047766059999983
2017-12-12,16683.31,17799.0,16351.0,16800.0,17.486144199999966
2017-12-13,16808.1,17500.0,16022.0,16303.0,27.2312919
2017-12-14,16419.0,16800.0,15700.0,16323.01,11.570214349999983
2017-12-15,16340.71,18000.0,16340.71,17250.0,29.891664220000475
2017-12-16,17250.0,19449.0,17020.01,18819.82,14.949747510000003
2017-12-17,18819.82,19597.0,17600.7,18320.0,8.004493289999994
2017-12-18,18146.29,18889.0,17636.01,18884.0,10.365675940000008
2017-12-19,18884.0,19159.0,17400.0,18400.0,28.263183699999985
2017-12-20,18000.04,18780.0,16590.0,17977.98,39.82476295000007
2017-12-21,17920.0,18499.0,15900.0,16710.99,28.385405260000034
2017-12-22,16711.0,16865.14,12500.0,15262.22,44.832437520000006
2017-12-23,15277.0,17949.0,14650.0,16000.0,13.923485740000013
2017-12-24,15500.0,15900.0,13701.0,15039.0,9.440051039999998
2017-12-25,14990.0,15194.48,14060.05,14565.55,2.1603594600000013
2017-12-26,14565.55,16498.98,14565.55,15801.54,6.584775849999998
2017-12-27,15999.0,16999.69,15806.01,16033.11,10.79072747999999
2017-12-28,16100.03,16588.26,14800.01,15500.0,32.44103243999997
2017-12-29,15499.98,15755.9,14958.71,15430.0,7.0666536700000036
2017-12-30,15430.0,15599.63,13501.0,13815.0,13.854807740000005
2017-12-31,13800.0,15200.0,13055.0,14664.65,8.286773510000005
2018-01-01,14655.01,15190.73,14001.01,14430.6,5.611064910000001
2018-01-02,14431.11,16000.0,14040.0,15454.5,15.368083290000005
2018-01-03,15456.62,16380.0,15280.0,16080.0,8.40247246000001
2018-01-04,15777.0,16249.99,15005.0,15415.0,14.504469380000018
2018-01-05,15415.0,17480.0,15414.69,17480.0,16.240596009999997
2018-01-06,17480.0,17899.99,16477.97,17234.19,9.192098850000033
2018-01-07,16701.01,17123.94,16211.0,16788.0,8.032483929999998
2018-01-08,16350.55,16818.88,15100.0,15589.98,11.864580759999978
2018-01-09,15589.98,16018.97,14800.0,14955.0,10.297670830000014
2018-01-10,15330.0,15435.0,14255.0,15175.0,12.358844690000023
2018-01-11,14882.86,15823.9,13900.0,14250.0,32.18086747999999
2018-01-12,13905.0,25200.0,13802.0,14225.03,24.544983559999977
2018-01-13,14271.65,14999.0,14255.0,14948.98,4.125011709999997
2018-01-14,14773.99,14963.99,14061.0,14600.0,8.463241999999983
2018-01-15,14280.0,14698.9,14170.0,14300.0,6.942094339999999
2018-01-16,14250.0,15580.0,10112.0,12196.66,38.623586299999815
2018-01-17,12196.52,12349.0,9250.0,11400.0,15.09693866999996
2018-01-18,11400.0,13499.0,11250.0,12597.0,14.475111600000009
2018-01-19,12000.0,13499.0,11500.0,11990.0,9.189572779999994
2018-01-20,11999.99,13498.0,11633.7,12702.05,7.735917349999994
2018-01-21,12750.6,13172.9,11522.0,11849.0,7.950852120000006
2018-01-22,11850.0,12655.55,10500.0,10993.0,28.02027878000004
2018-01-23,10994.98,11900.0,10500.0,10750.0,6.700396509999996
2018-01-24,10829.81,11900.0,10742.08,11235.96,13.266725349999986
2018-01-25,11299.96,11900.0,11222.0,11280.0,3.631108329999998
2018-01-26,11280.01,14499.0,10501.0,11160.0,14.123568990000026
2018-01-27,11450.0,11758.54,11050.01,11381.1,3.5559759800000013
2018-01-28,11381.1,11800.0,11379.86,11797.5,2.456727399999998
2018-01-29,11557.31,11591.0,11101.0,11250.0,15.231939979999998
2018-01-30,11250.0,12020.99,9201.0,10255.0,25.71482648999996
2018-01-31,10269.02,11498.0,9523.0,10071.0,13.2886495
2018-02-01,10074.0,10265.12,8799.98,9120.0,16.769972840000023
2018-02-02,9111.1,10000.0,7673.2,8963.75,18.946829970000017
2018-02-03,8800.01,9599.98,8225.21,9170.5,7.26536717
2018-02-04,9200.0,9500.0,8100.2,8350.0,13.174184680000003
2018-02-05,8210.2,8800.0,6500.0,6756.61,20.603545060000013
2018-02-06,6948.99,7945.0,5800.0,7712.19,11.324531480000006
2018-02-07,7712.19,8863.74,7231.4,7936.82,18.631688070000006
2018-02-08,7890.0,8650.0,7001.0,8247.5,8.308179500000003
2018-02-09,8247.5,8745.0,7865.05,8611.0,6.526613689999999
2018-02-10,8611.0,9086.93,8255.01,8400.01,11.871796569999995
2018-02-11,8511.8,8609.0,8000.01,8184.25,2.6975515400000014
2018-02-12,8053.61,8855.5,8053.61,8847.29,3.9689317199999987
2018-02-13,8830.0,8889.0,8399.0,8621.0,8.451160989999988
2018-02-14,8621.0,9800.0,8480.0,9600.0,11.485475289999979
2018-02-15,9599.88,10440.0,9130.01,10199.96,12.014076699999997
2018-02-16,10200.0,10359.0,9822.51,10145.0,3.665064659999997
2018-02-17,10126.72,11079.48,10054.0,11049.62,7.353933569999998
2018-02-18,10908.0,11400.0,10253.01,10720.57,7.4536351800000205
2018-02-19,10550.0,11200.0,10500.0,11086.23,6.485051639999984
2018-02-20,11096.23,11660.05,10389.0,11250.01,11.557780380000013
2018-02-21,11250.01,11499.0,9329.0,10442.13,9.67610719000001
2018-02-22,10427.0,10804.87,9600.0,9992.52,6.962008409999984
2018-02-23,9792.67,10357.48,9370.0,10081.09,5.269081739999998
2018-02-24,10110.0,10547.74,9405.01,9643.2,3.9103275899999983
2018-02-25,9660.01,9829.14,9302.0,9651.65,1.8390504599999997
2018-02-26,9523.02,10274.47,9305.61,10184.25,3.069337259999998
2018-02-27,10182.64,11000.0,10021.47,10641.0,4.319417899999998
2018-02-28,10640.0,11011.0,10308.0,10308.0,3.561237820000002
2018-03-01,10310.0,10972.46,10264.0,10902.0,2.49597632
2018-03-02,10933.98,11111.0,9402.0,10800.98,3.6805025799999993
2018-03-03,10984.39,11359.0,10984.39,11200.02,1.74806445
2018-03-04,11290.0,11381.01,11000.01,11267.2,2.8847709300000033
2018-03-05,11317.02,11447.98,10300.0,11447.98,5.486268239999998
2018-03-06,11035.52,11480.0,10600.0,10650.02,4.1991506499999955
2018-03-07,10651.99,10846.0,9850.0,10010.0,5.02566093
2018-03-08,10010.0,10660.0,9510.0,9510.0,4.05745435
2018-03-09,9510.0,9800.0,8401.0,9350.25,3.1030054399999965
2018-03-10,9350.07,9888.0,8445.21,8909.0,3.4832455100000006
2018-03-11,9000.0,9800.0,8645.0,9508.19,1.9093094299999964
2018-03-12,9588.96,10290.0,9050.0,9124.59,1.8529036900000013
2018-03-13,9093.18,9600.0,8944.03,9600.0,8.060646270000001
2018-03-14,9600.0,9666.11,8406.0,8420.01,11.353840850000008
2018-03-15,8421.0,9000.0,7899.0,8306.0,3.739554630000001
2018-03-16,8306.0,8899.0,8300.0,8875.89,1.7781031800000002
2018-03-17,8470.01,9000.0,7930.01,8150.01,1.4991354099999998
