time,open,high,low,close,vol
2014-05-16,446.67,449.87,446.11,449.5,24.35057795
2014-05-17,472.8,472.8,472.8,472.8,0.15297
2014-05-19,449.7,449.7,441.6,447.35,45.04849925
2014-05-20,447.89,458.36,447.89,457.8,33.56041206
2014-05-21,457.8,495.85,457.8,495.4,11.04495206
2014-05-22,495.5,522.9,495.5,521.95,19.8428678
2014-05-26,529.9,580.75,529.9,580,2.37482599
2014-05-27,580,580,564.93,566.432,9.47581811
2014-05-28,567.95,582,567.95,570.76,33.8249386
2014-05-29,569.9,569.9,564.8,564.8,1.06691999
2014-05-30,575.23,610.95,560,610.95,5.44312455
2014-06-02,625.11,653.04,517.9,653.04,86.53409685
2014-06-03,662.13,670.39,653.37,670.11,91.31266966
2014-06-04,670.03,670.03,638.52,643.21,73.63251367
2014-06-05,645.78,660,641.17,660,42.0777364
2014-06-06,660,661.05,562,659.18,54.88276473
2014-06-07,650.27,656.19,649.5,653.6,19.28810779
2014-06-08,655.39,655.39,654.07,654.5,2.59311918
2014-06-09,653.7,656.23,500,647.82,51.64119241
2014-06-10,648.92,656.84,648.92,654.9,26.48769114
2014-06-11,651.65,651.65,629.2,642.99,82.00987824
2014-06-12,632.55,632.55,602.1,602.1,65.38879968
2014-06-13,593.42,611.07,593.42,611.07,1.8776196
2014-06-14,593.4,593.4,590.4,590.4,0.071875
2014-06-16,608,628.3,591.1,592,54.45573815
2014-06-17,598,598,598,598,0.0499968
2014-06-18,606.8,607,605.05,605.05,0.12
2014-06-20,590.11,590.9,590.11,590.9,0.0760718
2014-06-21,588,595,583,591,18.18074853
2014-06-22,598,599.1,593,595,5.32927654
2014-06-23,585.8,588.8,585.8,587.9,13.60379465
2014-06-25,587.5,587.5,565,569,1.89206774
2014-06-28,590,590.01,590,590.01,0.0782555
2014-06-30,613.6,631.12,613.6,631.12,0.2701227
2014-07-10,611.59,623.9,609.52,615.87,5.03831972
2014-07-11,616.01,627.61,547,627.61,4.60033309
2014-07-14,627.55,627.55,619.1,620,1.2363955
2014-07-15,620,623.18,620,622.4,6.46809728
2014-07-16,622.31,624.3,615.54,618.85,7.98226233
2014-07-17,617.52,621.6,613.02,621.6,4.66455979
2014-07-18,622.31,622.53,622.31,622.53,1.66056597
2014-07-22,624.03,624.34,620.91,620.93,2.51526739
2014-07-23,621.13,621.19,621.13,621.19,1.7238888
2014-07-24,621.12,621.12,586,601.55,5.12717657
2014-07-25,602.71,602.71,598.98,601.47,5.92044389
2014-07-26,601.43,601.43,590.84,590.85,1.39145892
2014-07-27,592.55,594.39,592.55,593.04,3.56043092
2014-07-28,593.02,593.02,580.17,583.98,4.74850776
2014-07-29,586.55,586.57,582.26,582.26,1.2403192
2014-07-30,580.13,580.13,572,572,4.38160581
2014-07-31,568.41,575.78,567.94,575.78,6.66506435
2014-08-01,586.72,594.91,586.42,594.91,4.38357381
2014-08-02,592.65,592.65,587.4,591.67,2.19047326
2014-08-03,591.66,591.66,587.21,587.21,0.7794288
2014-08-04,589.16,589.23,589.16,589.23,1.36371791
2014-08-05,587.12,587.12,579.04,580.56,2.92952917
2014-08-06,580.51,580.51,577.66,580.51,2.41752953
2014-08-07,582.01,587.51,581.06,587.51,3.71804377
2014-08-08,587.89,590.23,587.82,588.71,2.32089639
2014-08-12,585.9,588.64,563.11,569.1,2.80324761
2014-08-13,563.11,563.11,546.82,547.65,4.5371267
2014-08-14,547.65,550,509.5,509.5,4.64599623
2014-08-15,509.5,509.5,509.5,509.5,0.17279001
2014-08-16,509.1,520,500,518.1,2.47000011
2014-08-18,495,500,479.1,479.1,2.7332981
2014-08-19,490,499,479.9,484.75,1.69101429
2014-08-20,484.75,499,483.25,499,1.58654003
2014-08-21,500,523.72,500,523.72,3.3046304
2014-08-22,515.59,523.71,511.4,518.84,5.90501825
2014-08-23,510.22,510.22,508.65,508.65,0.71
2014-08-25,508.65,508.65,501.53,504.33,6.70081829
2014-08-26,504.35,511.81,504.35,511.81,5.3214197
2014-08-27,511.74,523.01,510.98,523.01,4.77451053
2014-08-28,521.73,521.73,507.9,508.5,4.47266187
2014-08-29,508.5,509,506.09,509,3.53569541
2014-08-31,509,509,509,509,0.0761239
2014-09-01,508.15,508.15,476.31,479.81,17.74302831
2014-09-02,478.31,478.31,474.97,477.32,10.82704449
2014-09-03,476.12,477.31,475.84,477.31,5.28926756
2014-09-04,477.49,480.61,476.71,480.61,8.17940862
2014-09-05,485.75,489.11,485.75,487.11,7.53522782
2014-09-08,487.05,487.27,466.48,466.83,6.38472582
2014-09-09,465.05,465.05,462.07,462.07,1.79912941
2014-09-10,464.52,487.29,464.52,487.29,3.04610941
2014-09-11,485.78,487.77,475.19,475.19,0.9761889
2014-09-12,474.59,474.59,470.27,471.48,1.8169518
2014-09-13,472.54,475.19,472.54,475.19,0.2254256
2014-09-15,474.53,474.96,474.25,474.96,3.30628265
2014-09-16,474.13,474.13,467.65,467.65,1.4241982
2014-09-17,465.24,465.24,462.03,462.03,0.11
2014-09-18,462.05,462.05,435.39,435.39,3.07449977
2014-09-19,435.27,435.78,385.97,400,3.33827501
2014-09-20,415.78,415.78,407.48,407.48,0.1243029
2014-09-23,401,458,390,434,94.48611463
2014-09-24,449,464,432,446,134.1948292
2014-09-25,460,463,402,412,192.7448836
2014-09-26,412,418,398,413,166.0500904
2014-09-27,399,417,394,407,58.69550435
2014-09-28,412,418,391,406,102.6897709
2014-09-29,416,418,380,412,33.57073429
2014-09-30,412,418,378,404,141.9133195
2014-10-01,410,417,378,391,112.8091802
2014-10-02,391,418.72,373,383,147.1469478
2014-10-03,394,407,353.55,396,97.11927233
2014-10-04,352,389,352,389,0.0380949
2014-10-05,310,310,310,310,0.44
2014-10-06,467.65,467.65,324,331,60.92317096
2014-10-07,335,341,313,326,53.32925385
2014-10-08,327,349,327,349,22.24273775
2014-10-09,349,410,349,382,92.57376189
2014-10-10,381,417,348,357,127.7897521
2014-10-11,358,365,348,355,12.83827797
2014-10-13,361,396,312.01,383,35.96781225
2014-10-14,383,413,310.99,398,72.3133597
2014-10-15,399,404,378,392,117.5212508
2014-10-16,394,401,311,385,90.88830235
2014-10-17,385,393,372,380,114.5211411
2014-10-18,380,389,375,379,15.56326346
2014-10-20,379,393,376,384,103.6295566
2014-10-21,384,395.99,300.89,386,73.67433728
2014-10-22,389,395,379,385,91.67675885
2014-10-23,385,390,356.01,364.99,82.57991671
2014-10-24,363.01,371,351.03,359,85.43793247
2014-10-25,359.04,365.01,343,354,72.21421574
2014-10-26,354,366,345,361,80.57852886
2014-10-27,355,365,348,355.99,72.51847259
2014-10-28,350.02,362.07,350.01,359,29.2813512
2014-10-29,359,362,334.99,338,75.18332542
2014-10-30,338,356.99,331,350.01,78.3541397
2014-10-31,350.01,355,335,337,77.75666937
2014-11-01,337,347,300.9,326.99,76.41980514
2014-11-02,326.99,338,297.5,330,56.44729022
2014-11-03,325,341,300,327,26.58931158
2014-11-04,325,338,279.37,335,47.96010525
2014-11-05,329.01,350,315.1,343,54.97679287
2014-11-06,339.01,358,335.75,349.01,48.87919593
2014-11-07,349.01,358.99,327.11,345,62.07441516
2014-11-08,345,1158.338,337,349,37.59827782
2014-11-09,345,366,305.01,360.99,16.82600575
2014-11-10,365,365,365,365,0.021797
2014-11-12,354,421.99,354,421.99,9.45612719
2014-11-13,425,451,303,419.94,13.30359463
2014-11-14,394,405,383,384.99,6.49412145
2014-11-16,391.99,395,385,389,3.1209565
2014-11-17,389,409,380,387,19.09330421
2014-11-18,386,399,373,383.99,45.91237365
2014-11-19,379,379,379,379,0.45996201
2014-11-21,459.941,1314,351,352.65,0.65963309
2014-11-22,358.26,364.491,356,362,1.1882768
2014-11-23,357,378,354,371,61.58422878
2014-11-24,375,385,366,379,48.94919048
2014-11-25,385,385,379,379,1.09500699
2014-11-26,378,379,365,370,4.99389968
2014-11-27,375,380,368,368,11.51794839
2014-11-28,358,380,356,380,10.12515512
2014-11-29,368,385.5051332,368,375,4.4192735
2014-11-30,375,377,375,375,1.2021275
2014-12-01,376,385.68,375.91,382,19.67712682
2014-12-02,382,389,377,380,101.5507929
2014-12-03,380,385,373.01,375.07,19.55598916
2014-12-04,379.33,379.51,367,376,52.78962305
2014-12-05,368,382,366.01,381,45.53094921
2014-12-06,377,379,372.01,373,2.1071868
2014-12-07,373,384,371.01,375,40.31511862
2014-12-08,373,377,360,368,15.73574352
2014-12-09,364,364,346,355.99,25.54822621
2014-12-10,349,357,346,349,27.52914168
2014-12-11,350,350,350,350,0.228858
2014-12-12,346,362,346,356,29.78696268
2014-12-13,360,389.99,343,352,50.35091107
2014-12-14,351.99,361.01,344,355.99,21.9978795
2014-12-15,355.99,357.98,342,345.01,58.93091542
2014-12-16,347.01,351.98,326,328.99,21.93519375
2014-12-17,326,339,315.9,323,57.82062768
2014-12-18,324,329,302.01,313,22.80584291
2014-12-19,313,324,309.01,323,19.29790354
2014-12-20,319,331.95,317,325.9,2.6963127
2014-12-21,331,337,320,326,66.08703512
2014-12-22,326,329,326,329,0.4166148
2014-12-23,341.863,341.863,334,337.77,1.58623571
2014-12-24,336.99,340,322,324.07,51.83548389
2014-12-25,324.06,329,317,324,61.80509227
2014-12-26,325.88,339,319,328,67.94008413
2014-12-27,331,334,312,320,67.04721652
2014-12-28,320,325,307,321,73.46945887
2014-12-29,319,331,313,317.99,68.22346644
2014-12-30,316.01,324,308.01,313.99,58.59595888
2014-12-31,312,322,310.01,320,74.54819164
2015-01-01,322.98,324,313.99,317.01,65.72289857
2015-01-02,319.99,323.01,314,316,55.38049649
2015-01-03,317,320,290,290.01,65.82193221
2015-01-04,290,298.99,265,269.99,69.50688483
2015-01-05,269.99,335,262,269.01,34.31745811
2015-01-06,278.98,279.99,278.98,279.99,2.11261799
2015-01-07,285.13,306,284.01,301,25.40886166
2015-01-08,295,302,283,287,70.18980146
2015-01-09,289.99,299,281,286,31.74335677
2015-01-10,280,280,280,280,0.0532857
2015-01-11,262,489,260,287,6.55414041
2015-01-12,271,284,264.27,273,35.49583614
2015-01-13,266,266,226,227,78.11992125
2015-01-14,225.01,225.01,186.89,186.89,5.15436927
2015-01-15,194,229.99,193.01,207,39.33504358
2015-01-16,213,229,204.25,211.99,32.40453429
2015-01-17,207,208,198,205,8.95923143
2015-01-18,203,258.65,199.99,252,1.6992996
2015-01-19,213,223,206,212,42.47832219
2015-01-20,211,221,205,210,43.53014333
2015-01-21,216,231,210,228,43.01395109
2015-01-22,238,240,228.8,236,15.57260826
2015-01-23,227.01,239,221,238,32.11599431
2015-01-24,238,239,238,239,0.3106
2015-01-25,254,258.65,249,249,1.94752841
2015-01-26,251,349,230.01,269,45.08678456
2015-01-27,253,268,243,256,26.00421428
2015-01-28,259,263,216,223,47.05541837
2015-01-29,223,242,216,231,39.68295477
2015-01-31,225.1,225.1,225,225,0.1896114
2015-02-01,217.99,278.19,206.01,231.02,50.64755476
2015-02-02,222,233,220,232,30.59671559
2015-02-03,241.1029332,249.08815,223,225,35.46462427
2015-02-04,225,235,221.01,224,35.6895646
2015-02-05,224,233,215,224.49,34.06540616
2015-02-06,224.99,224.99,224.99,224.99,0.1464
2015-02-07,224.99,225,224.99,224.99,0.3236947
2015-02-09,226.93,228,217,226.9,34.0259262
2015-02-10,224,228,216,225,40.48206696
2015-02-11,221,229,218.11,223,36.86998742
2015-02-12,220.11,228,218,226,37.74921477
2015-02-13,225.9,244,225.9,240,31.30039813
2015-02-14,242,266.88,242,266.88,43.30869264
2015-02-15,257.48,259.89,235.25,235.25,1.94549003
2015-02-16,235,244,230.01,238.01,29.87802931
2015-02-17,238.01,250,235,242.09,32.18475096
2015-02-18,245,248,232,238,35.54348492
2015-02-19,235,248,234.41,240.01,31.90870803
2015-02-20,247,255,239.01,239.01,13.670361
2015-02-23,239,241.99,234.5,238.99,22.09817295
2015-02-24,239,241.99,232.91,234,20.8278489
2015-02-25,234.055,240.440375,234,236,10.23928248
2015-02-26,235.21,240,234,239,12.82761491
2015-02-27,241,259,241,257.97,12.53142509
2015-03-01,250.01,250.01,240.01,245,9.84641405
2015-03-02,258,269.99,258,269.99,0.49140001
2015-03-03,265,300,258,275,18.69775454
2015-03-04,275.5,340,266.644394,269.054,9.769458
2015-03-05,269,271.89,269,271.89,0.92776499
2015-03-06,269,271.9,264,270,5.18590501
2015-03-09,279,290,260.063,283,12.7688693
2015-03-10,288.85,288.85,288.5,288.5,1.178222
2015-03-11,287.08,295.99,287.08,292.99,2.6219695
2015-03-12,297.81,297.81,297.8,297.8,0.754513
2015-03-14,287,493.71,250,493.71,3.39937849
2015-03-15,284.99,290.21,278.01,281,1.57276399
2015-03-16,278.07,298.93,278.01,286.85,17.84052719
2015-03-17,290,294.87,278.01,279.01,5.11037939
2015-03-18,279.01,279.01,250,250.01,5.59929469
2015-03-19,251.31,259.01,247,251,4.92080877
2015-03-20,253,269.65,250.56,257,4.99200412
2015-03-23,257,267.88,257,261,4.6786686
2015-03-24,269.64,269.64,269.64,269.64,0.0412031
2015-03-25,252.99,252.99,241,244,3.2514627
2015-03-26,249,250,244,244,2.69177632
2015-03-27,244,259.97,244,259.97,0.044
2015-03-29,244,244,239.65,240,0.5062668
2015-03-30,239.65,246,235,246,3.45593459
2015-03-31,246,246,234,237,3.23297452
2015-04-01,238,242,234,242,2.88109947
2015-04-02,240,250.2863383,237,249,3.9244525
2015-04-03,249,252,245,249,4.1512376
2015-04-07,249,283.14,228.05,270,13.7111143
2015-04-08,245,259.99,237,237,4.3066622
2015-04-09,237,244,237,243.99,2.66650698
2015-04-10,242,242,239,239,1.31365243
2015-04-11,239,239,239,239,0.6522
2015-04-12,238,238,238,238,0.844
2015-04-13,236,237,217,223.06,5.20049178
2015-04-16,221,252.84,220,224,4.45765231
2015-04-20,222,252.84,217,217,1.7313386
2015-04-21,219,229,217,227,6.37466919
2015-04-25,252.78,252.78,252.78,252.78,0.02
2015-04-27,220,228,217,228,5.27070119
2015-04-28,229.93,229.93,220,222.4389844,2.1346781
2015-04-30,229.815,254,229.81,254,2.05126658
2015-05-04,237.01,242,234.65,234.65,1.56142499
2015-05-05,232.05,245.58,231,231.066,1.92643611
2015-05-06,229.136,245.58,229,245.58,0.2224407
2015-05-07,230,245,227.01,236,3.2672398
2015-05-08,245.64,247.9,235,241.01,2.89014181
2015-05-09,247.9,247.9,241,241.01,0.52324101
2015-05-11,237.1568331,243.99,232,242,2.532078
2015-05-13,239,250.59,237,237,1.78499041
2015-05-14,239.75,239.99,231.07,231.07,3.65822942
2015-05-15,234,239,229.9,235,3.75444142
2015-05-16,236,238.99,231,236,14.26292945
2015-05-17,235,237,230,230,8.97446425
2015-05-18,235,237,230,231,2.67355099
2015-05-19,231,257,229,232,7.98382686
2015-05-21,235,236.99,229.61,233.01,3.07309268
2015-05-22,233.01,241,231,240.99,2.6233808
2015-05-25,236,241,234,236,2.1767768
2015-05-26,238.99,239,235,239,2.57778439
2015-05-27,235.01,240.95,234,235.01,3.6580307
2015-05-28,239,240.76,234,238,3.01324209
2015-05-29,234,240,233,236,2.27526381
2015-06-01,229,232,225.55,225.55,3.53624361
2015-06-02,225.56,226,224.75,224.8,1.6199941
2015-06-07,223,224.75,223,223,0.51029729
2015-06-09,227,232,225.7465807,226,1.56407791
2015-06-10,225.58,231,225,226,1.9692904
2015-06-11,231,232,226,226,1.658526
2015-06-16,241,256.99,241,256.37,4.613242
2015-06-17,256.99,262.5,256.99,262.5,3.81282912
2015-06-18,262.11,262.115,245.01,245.01,9.50220445
2015-06-19,248,248,248,248,0.0202
2015-06-20,245.01,245.01,245,245,1.02038601
2015-06-21,252.3,252.3,243,243,8.44137598
2015-06-22,244,249,244,249,1.87675932
2015-06-24,248,248,242,242.01,4.70677908
2015-06-26,240,250.04,237.9,249.726,2.00395109
2015-06-27,247.06,250.04,247.054,248.1706501,1.8748538
2015-06-29,251.89,255.5,247.9,250,2.68332181
2015-06-30,262,270,260,263.01,6.36714471
2015-07-01,279.937,499,263,268.947,1.55190939
2015-07-02,268.947,268.947,252,254,1.22250949
2015-07-05,269,269,269,269,0.61837199
2015-07-06,269,282.86,269,282.86,0.5638821
2015-07-07,254.49,282.97,254,272.92,10.29630559
2015-07-08,265.11,282.97,265.04,282.97,4.44429866
2015-07-09,271.01,280.07,271.01,279.91,1.8168005
2015-07-10,283.13,354.39,282.53,292.62,6.26395159
2015-07-13,287.98,288.19,283.14,287.94,1.39174849
2015-07-14,287.93,292.62,278,287.99,10.38733784
2015-07-15,287.99,288,284.01,286,7.34169941
2015-07-16,286,286,274,274,8.34617185
2015-07-17,274,276,273.5,276,2.83807399
2015-07-19,275,287.96,275,275,0.2312634
2015-07-20,273.5,280.71,273.5,273.54,3.55749261
2015-07-21,287.93,287.937,273.76,274.34,0.4943023
2015-07-22,273.74,479.39,273.51,479.39,5.7312077
2015-07-23,276.02,279.14,275.15,279.14,0.76079999
2015-07-24,279.45,478.69,279.13,283.07,5.46121669
2015-07-25,288,288,288,288,0.99831101
2015-07-27,479,1800,287,295,85.14881768
2015-07-28,298.71,298.71,293,293.03,11.141886
2015-07-29,295.01,295.02,291,291.01,3.84486178
2015-07-30,291.01,291.01,287,288.01,5.53004897
2015-07-31,288,290,287,290,15.22874108
2015-08-01,290,290,290,290,3.9934
2015-08-02,290,290,287,287,18.03720004
2015-08-03,287,287,287,287,1
2015-08-04,299,299,287,287,12.4787991
2015-08-05,287,287,287,287,0.8568387
2015-08-06,287,287,287,287,0.0272
2015-08-07,283,297.9,275,275,18.05952889
2015-08-08,275.5,275.5,269.5,270,1.750948
2015-08-09,269.5,269.5,265,265,1.716376
2015-08-10,264,264,262,263,3.29599199
2015-08-11,297.9,370.01,297.9,370.01,0.28623831
2015-08-17,263,360,263,263,1.54603398
2015-08-18,359.96,359.96,244.05,244.05,0.48513779
2015-08-19,244.05,244.05,232.85,232.85,2.63821119
2015-08-23,230.77,264.62,229,229,4.24917513
2015-08-25,210.054,227,210,227,9.15275706
2015-09-01,240,240,240,240,3.12263099
2015-09-03,223,224,220,224,1.11969439
2015-09-04,224,224,224,224,0.1420056
2015-09-09,224,224,224,224,0.3244861
2015-09-21,223.99,223.99,223.99,223.99,0.0629
2015-09-22,289,300,225.01,230,3.71559469
2015-09-23,232.99,277.217,232.99,277.21,1.42410003
2015-09-24,235,254.57,227.55,254.57,2.76864591
2015-09-25,228.21,254.15,224,237.09,1.27505959
2015-09-26,240,240,234,234,1.17520772
2015-09-27,234,234,234,234,0.09
2015-09-28,236,254.99,236,254.99,0.321136
2015-09-30,235.5818143,236,232.01,236,1.0255734
2015-10-02,230,234,230,234,0.5382145
2015-10-05,232,238,231,234,1.71793941
2015-10-06,236,245,234,244,1.3590975
2015-10-08,242,243,242,243,0.4654365
2015-10-09,277.9,277.9,277.89,277.89,1.01849602
2015-10-13,239.03,243.04,239,241.01,0.6255536
2015-10-14,247.01,254.46,246.01,250,1.95026979
2015-10-15,250.2,254.5,250.01,253,0.9488156
2015-10-16,262,316,253.01,261,3.29567366
2015-10-17,270,270,270,270,0.0925926
2015-10-19,262,262,258.01,260,1.4769475
2015-10-20,264,269,261,266,1.2235074
2015-10-21,266,268,230,262,1.360639
2015-10-22,267,279.4145371,262,268,3.0369549
2015-10-23,267,272,267,271,2.95012309
2015-10-24,268,268,268,268,0.30247301
2015-10-26,270,315.93,270,279,1.4294604
2015-10-28,281,313.55,280,295,2.2061468
2015-10-29,297.01,308.01,297,301,3.39443839
2015-10-30,325,325,325,325,1.1805
2015-11-02,300,300,300,300,1.5
2015-11-09,360,559.95,359,367,3.26782161
2015-11-10,365,366,339,339,2.51856804
2015-11-11,338,370,336.2,370,0.4105
2015-11-15,330,330,330,330,0.0167576
2015-11-18,326,399.95,325,331,1.27430109
2015-11-19,327,335.951,318,320,1.4990339
2015-11-20,390,390,350,350,4.0825
2015-11-24,316,325.165,311,313,2.93768411
2015-11-26,395,395,370,370,6.94983099
2015-12-01,371,371,371,371,0.2642318
2015-12-02,499,499,351.049,356,0.5943349
2015-12-07,354,498.89,354,383,2.79917551
2015-12-08,386,392,386,389,0.93672321
2015-12-09,390,390,390,390,0.0605
2015-12-11,430,440,425,437,1.2374017
2015-12-12,425,550,425,550,0.9164
2015-12-14,433,442,432,442,1.30287841
2015-12-15,446,472.787,443,452,1.67528939
2015-12-17,432,435,432,435,0.2194997
2015-12-21,432,580,432,580,0.0927
2015-12-22,431,435,430,433,0.5345997
2015-12-26,429.9,429.9,425,425,0.4336765
2016-01-05,435,500,426,429,2.6603013
2016-01-06,428,430,425,425,1.5392678
2016-01-07,425,560,425,458,1.4214678
2016-01-08,449,560,439.05,440,0.7157198
2016-01-09,448,448,442,442,0.77159511
2016-01-10,442,442,442,442,0.19559801
2016-01-12,559.95,599,444,444,0.91959612
2016-01-15,432.7,432.7,417.55,417.55,1.1835
2016-01-25,414.7,414.7,391,395,12.02536805
2016-01-26,396,435,393,398,7.20592631
2016-01-27,401,460,393.049,401,4.6753242
2016-01-28,400,550,382.178,386,29.03704534
2016-01-29,386,399.581,384,384,8.57006501
2016-01-30,388,388,388,388,0.1
2016-02-01,384,419,376,376,4.71920768
2016-02-02,382,386,378,378.01,3.11480559
2016-02-03,384,384,369,376,5.95742648
2016-02-04,374,415,373,387,5.54183968
2016-02-05,415,415,383,386,10.63067515
2016-02-08,383,415,370,373,7.67448992
2016-02-09,373,418.5,371,376,14.89604455
2016-02-10,376,429,375,429,0.1180183
2016-02-11,378,382,373,377,5.55083967
2016-02-12,383,407.99,372.5,384,6.153718
2016-02-13,401.99,401.99,401.99,401.99,0.0702736
2016-02-14,402,402,402,402,0.039801
2016-02-15,405.051,405.051,405,405,0.8253
2016-02-16,405.051,409,401,408,5.96624652
2016-02-17,408.01,424,408,423,37.49179189
2016-02-18,424,478,415.08,422,5.22996242
2016-02-19,422,423,417,421,2.48731881
2016-02-20,425,425,425,425,0.399977
2016-02-21,450,450,395.241,395.241,0.38085821
2016-02-22,435,442,434,441,4.7947443
2016-02-25,425,449.95,419,426,5.5656218
2016-02-26,425,427,423,424,3.0472086
2016-02-29,444.7,444.7,444.7,444.7,0.117338
2016-03-01,436,436,430,433,1.32911371
2016-03-02,434.99,439,430,430.99,1.4762622
2016-03-05,392.8,445,387.01,445,5.71444935
2016-03-06,442,442,387,408,6.5640372
2016-03-07,411,416,410,416,1.65590269
2016-03-08,387.01,387.01,387.01,387.01,0.0129199
2016-03-09,411,450,411,450,1.8335761
2016-03-14,434.98,434.98,434.98,434.98,0.1726009
2016-03-15,417,422.99,412,417,4.1803392
2016-03-16,416,430.99,410.01,417,4.5642284
2016-03-17,418,424,414.01,419,3.31371189
2016-03-18,418,418,405,409,3.61209741
2016-03-21,411,413,409,409,4.19718129
2016-03-23,430,430,430,430,0.160256
2016-03-25,418,418.99,412,418,4.10883383
2016-03-26,387.01,387.01,387.01,387.01,0.0801692
2016-03-28,419,419,419,419,0.118717
2016-03-29,422.99,422.99,411,416,3.8167018
2016-03-30,387.01,415,385,415,5.81253106
2016-03-31,429.99,430.99,414,417,3.58792428
2016-04-03,385.01,415,385.01,415,0.15372281
2016-04-04,415,415,415,415,0.0866506
2016-04-05,415,489,415,422,18.87910101
2016-04-10,450,450,450,450,0.027
2016-04-11,450,450,420,422,0.4592908
2016-04-12,422,422,385.01,422,0.114
2016-04-13,424.99,425,423.99,425,0.15565
2016-04-15,425,425,425,425,0.012
2016-04-17,385.13,385.13,385.13,385.13,0.1
2016-04-18,424.99,424.99,424.99,424.99,0.0902139
2016-04-20,428.01,450,428.01,450,12.52007089
2016-04-26,385.13,467.99,385.13,467.99,0.72784901
2016-04-27,457,457,453,456,1.94702519
2016-04-28,450.1,452,445,450,6.73742593
2016-04-30,450,450,449,449.01,0.71009989
2016-05-02,449.01,449.01,449,449,0.4571
2016-05-05,449,451,447,451,2.02066649
2016-05-06,454,460,451,460,1.4233342
2016-05-07,455.01,455.01,455.01,455.01,0.8059
2016-05-08,455.01,455.01,455,455.01,1.66583848
2016-05-10,491,497,491,497,1.48060959
2016-05-12,453,497,451,454,2.16178243
2016-05-17,454,456,400,454,4.06372631
2016-05-18,455.99,456,455.99,456,0.43552649
2016-05-23,444,445,441,445,0.62939094
2016-05-24,443,448,441.01,448,3.69484359
2016-05-25,450,451,445,448,1.71637709
2016-05-26,454,454,448,452,0.3455147
2016-05-27,460,480,460,474,4.71835835
2016-05-28,474,502.9,474,499,0.5719017
2016-06-01,599.99,599.99,599.99,599.99,0.0350006
2016-06-02,600,999,599.99,999,4.88309305
2016-06-03,551.48,580,536.01,580,9.82553676
2016-06-04,587,797.99,580,580.11,7.32058889
2016-06-05,600,600,600,600,0.019
2016-06-07,649.99,798,649.99,798,3.1814261
2016-06-08,700,700,700,700,0.0016
2016-06-09,600,600,600,600,0.54366702
2016-06-13,615,615,615,615,0.00881572
2016-06-21,715.01,715.01,660,660,1.141858
2016-06-22,660,660,660,660,3.07769995
2016-06-24,719.99,719.99,719.99,719.99,0.0225697
2016-06-25,720,720,720,720,2.7465276
2016-06-28,849,849,849,849,0.0399
2016-06-30,675,675,675,675,0.05
2016-07-04,620.01,620.01,620.01,620.01,0.02
2016-07-05,749,749,749,749,0.0164887
2016-07-07,635,635,627,627,0.112
2016-07-11,530,650,528.75,533.5,0.57000111
2016-07-12,745,800,745,800,0.53018919
2016-07-13,750,790,750,779,0.41335441
2016-07-19,590,725.99,590,725.99,0.0717273
2016-07-20,725.99,725.99,725.99,725.99,0.00743811
2016-07-21,625.06,625.06,625.06,625.06,0.02
2016-07-22,690,690,690,690,0.105188
2016-07-26,680,685,680,685,0.40058399
2016-07-27,625,683.5,625,680,0.1794362
2016-07-28,630,630,630,630,0.07507086
2016-07-30,640,640,640,640,0.0379467
2016-07-31,640,640,630,630,0.0541351
2016-08-01,630,630,630,630,0.0248975
2016-08-02,615.09,677.99,528.5,528.5,0.4595109
2016-08-04,535.01,535.01,535,535.01,0.200542
2016-08-05,535,535,535,535,0.78504699
2016-08-06,535,550,535,550,0.7267381
2016-08-08,620,660,535.01,540.01,1.15598761
2016-08-09,667.99,667.99,600,600,0.14178814
2016-08-11,600.1,639.99,600,600.1,0.12764887
2016-08-12,600,600.1,600,600.1,0.2825528
2016-08-13,590.01,639.99,590.01,639.99,0.04949245
2016-08-14,600,600,585,585,0.1751937
2016-08-15,589.99,600.99,589.99,600.99,0.24083949
2016-08-16,589,589,589,589,0.0226486
2016-08-17,585,645,580,580,0.45141198
2016-08-19,645,650,645,650,0.0679071
2016-08-21,615,620,615,620,0.15939115
2016-08-22,590,614,580.02,614,1.19539989
2016-08-25,565,613.98,565,613.98,0.2744468
2016-08-26,565.01,565.01,565.01,565.01,0.0429759
2016-08-27,613.98,613.98,613.98,613.98,0.00623799
2016-08-28,565.01,565.01,565.01,565.01,0.0573012
2016-08-29,565.01,565.01,565.01,565.01,0.042966
2016-08-30,613.97,613.97,613.97,613.97,0.162874
2016-08-31,565.01,612.99,522.01,523.1,2.08761876
2016-09-01,522.01,599.97,522.01,599.97,0.0354508
2016-09-02,522.01,589.99,522.01,584.99,0.5524623
2016-09-03,569.0070061,585,569.0070061,585,0.2860414
2016-09-04,568.6074225,611.99,568.6074225,598,0.0863448
2016-09-05,598,611.99,568.6074225,609.99,0.1749773
2016-09-06,609.99,650,568.6074225,600,0.44112111
2016-09-07,605,615.99,568.6074225,605,0.6304881
2016-09-08,629.99,650,604.2514699,624,0.72113299
2016-09-09,623,632,590,606.0606061,0.18981073
2016-09-10,621.01,621.01,621.01,621.01,0.0431409
2016-09-11,640,640,640,640,0.006
2016-09-12,600.6654078,683.5,560.01,630,2.70656077
2016-09-13,630,630,630,630,0.75872999
2016-09-14,609.995,689,609.995,659,2.01308019
2016-09-15,658.99,658.99,658.98,658.98,0.01490174
2016-09-16,640,680,618,670,1.00775378
2016-09-17,645,699,618,631.01,2.61291562
2016-09-20,650,670,650,670,0.1017641
2016-09-21,621.99,998,610,700,3.9781472
2016-09-22,610.01,700,608,625,2.93004946
2016-09-23,620,620,620,620,0.03
2016-09-25,616.01,616.01,616,616,0.00713624
2016-09-26,626,680,626,663,0.70924448
2016-09-27,628.01,629,620,624,2.31406081
2016-09-28,635,679.4,621,621,0.33525015
2016-09-29,622.01,649.99,620,649.99,0.10358723
2016-10-01,623,649,623,649,0.00323811
2016-10-02,622,643,621.51,643,0.0073462
2016-10-03,621.03,645,591,645,1.06634569
2016-10-04,639,653,596.01,596.01,0.12001597
2016-10-05,648,984,647.99,800,4.68717738
2016-10-06,650,800,620,625,4.77699174
2016-10-07,635,700,623.01,675,0.67862005
2016-10-08,675,675,629,629,1.50899934
2016-10-09,629,629,628,628.5,0.60442149
2016-10-11,655,662,650,655,0.11244871
2016-10-12,656,656.01,645,645,0.76761567
2016-10-13,657,993,641.03,658,15.91654419
2016-10-14,654,851,649,652.5,57.40539915
2016-10-15,653.5,653.5,649.99,649.99,4.3544302
2016-10-16,660,697.98,660,697.98,0.0159359
2016-10-17,643.01,674.99,643.01,649,1.0264249
2016-10-18,649.01,700,590,688,3.64007197
2016-10-20,664,685,630,680,0.2030969
2016-10-21,680,685,635,645,0.26838101
2016-10-22,670,688.5,635,688,0.70745781
2016-10-23,687,688.5,687,688.5,0.05700001
2016-10-24,640,700,600,615.01,4.39653221
2016-10-25,699,700,699,700,0.01414158
2016-10-26,734,734,698,734,1.09325631
2016-10-27,710.99,726,680.41,726,1.57559815
2016-10-28,705,779,610,690.18,20.02625718
2016-10-29,692.01,740.99,692.01,740.99,0.33623577
2016-10-30,712,712,696,699,15.94403263
2016-10-31,705,775,705,720,1.30524593
2016-11-01,740,776,722.01,726,8.42328739
2016-11-02,772,775,683,763,8.41331271
2016-11-03,761,779,700,700,1.62977097
2016-11-04,740,752,707.01,749.99,2.70686723
2016-11-05,743.84,751,739.91,739.91,1.75620847
2016-11-06,749,749,711.5,748.35,0.34010601
2016-11-07,747.99,747.99,717,717,0.0672557
2016-11-08,735,745,718.05,718.05,1.51826806
2016-11-09,718.45,750,718.45,748,0.52762052
2016-11-10,725.01,774,725.01,774,0.28018772
2016-11-11,764.88,863,735,750,24.6313885
2016-11-12,735.01,780,734,755,0.82577286
2016-11-13,745,777,706,775,4.9037873
2016-11-14,721.01,775,699,707,10.43258384
2016-11-15,707,748,680,744,2.21627395
2016-11-16,690.9775,778,690.9775,776.5,4.24786005
2016-11-17,776.5,777,706,777,6.14350144
2016-11-18,708.01,776.5,708.01,770,0.95064248
2016-11-19,776,799,755,777,2.58142133
2016-11-20,756,774.99,739.99,764,3.42686732
2016-11-21,735.01,764,735.01,750,0.62835831
2016-11-22,770,799,736.03,798.99,8.88081084
2016-11-23,761,863,750,863,19.87918673
2016-11-24,785,790,758,787,5.34878307
2016-11-25,780,838,756,783.99,10.87807496
2016-11-26,784,790,745,745,8.14416467
2016-11-27,745,788,745,748.05,6.87911716
2016-11-28,772.95,772.95,750.8,768.9,0.87076243
2016-11-29,751,771.99,750.5,771.99,2.09123925
2016-11-30,772,775.97,760.5,773.24,2.41325928
2016-12-01,773.24,784,753.01,760.1,3.71923624
2016-12-02,780,805,772.11,776,8.26335505
2016-12-03,804.9,808,778,800,4.91648049
2016-12-04,799.99,800,782,799.9,0.38062854
2016-12-05,799,801.5,771,798,6.47032173
2016-12-06,797,820,777.51,819,5.76473979
2016-12-07,814.5,825,795,815,7.48346121
2016-12-08,814,835,794.02,820,18.31223815
2016-12-09,794.05,817.5,785,817.5,0.69275692
2016-12-10,785.51,829,785.51,800,5.20661967
2016-12-11,813,814,777,777,2.72003237
2016-12-12,808.5,814,778,810,3.60356683
2016-12-13,789.5,814,789,812.5,8.86596569
2016-12-14,800,811.49,790,810.47,3.21844794
2016-12-15,795,809.99,782,804.09,1.37275491
2016-12-16,803.99,819.99,787.5,818,4.35076235
2016-12-17,818,863,790.5,811,7.74870564
2016-12-18,803.01,840,800,821.5,9.32437049
2016-12-19,800.5,836,795.2,809,7.65394203
2016-12-20,831.5,833,809,828.99,4.25736945
2016-12-21,830,865,815,864,2.1252037
2016-12-22,848.51,994,820,901,9.92258274
2016-12-23,902.5,989.9,902.5,977.99,5.10386316
2016-12-24,978,993,903.01,903.01,6.39199695
2016-12-25,946.99,946.99,903,918.99,2.1449573
2016-12-26,940.99,940.99,852.08,922,0.32935086
2016-12-27,939.89,982,921.98,982,0.79199327
2016-12-28,957,995,957,979.01,2.71338122
2016-12-29,993.5,999,955.01,987.5,9.52380618
2016-12-30,987.5,987.5,957.11,986.9,5.22150332
2016-12-31,986.9,992,957.1,992,6.21441585
2017-01-01,991.5,1000,969.01,969.01,5.82288093
2017-01-02,1014,1400,971.51,1060,10.83568251
2017-01-03,1006.59,1069.5,1006.59,1069.49,4.87213267
2017-01-04,1070,1240,1070,1210,5.38049427
2017-01-05,1210,1212,955.08,1068,17.40870097
2017-01-06,1016.01,1080,931,1001,9.03721212
2017-01-07,942,1001,860,967.5,5.57989579
2017-01-08,967.99,990,901.34,902.01,2.72923431
2017-01-09,922.5,999,922.5,957.5,11.6482392
2017-01-10,930,995,930,941.5,23.40535194
2017-01-11,974,974,799,820,20.19360524
2017-01-12,850,926.99,750.01,899.99,12.747921
2017-01-13,800.06,922,800.06,822.01,9.61690753
2017-01-14,869,869,823,867,2.92944079
2017-01-15,867,867,821,823.01,2.05724789
2017-01-16,846,847,522,600,4.479396
2017-01-17,700,969.99,550,940,18.04780862
2017-01-18,952,954,860.01,890,15.10920317
2017-01-19,900,960,892.01,948,25.34664872
2017-01-20,918.5,950,911,921,14.87620063
2017-01-21,934.97,950,915.53,938.99,10.82092065
2017-01-22,938.9,946.98,912,939,4.78085981
2017-01-23,924.01,959,920,950,12.48622978
2017-01-24,927.51,1139,915,938.5,40.71831936
2017-01-25,918,950,907,921.52,20.09917936
2017-01-26,921.52,948,917,939,12.0835863
2017-01-27,930,959.95,923,940,11.51754553
2017-01-28,949.9,960,929,941,8.82343043
2017-01-29,942.02,959.9,938,938.5,15.09271377
2017-01-30,938,951,933,950,12.0661571
2017-01-31,949.99,998.9,941,995,21.32038434
2017-02-01,988,1000,973,998.9,10.75292683
2017-02-02,998.9,1034.5,990,1010,8.05171597
2017-02-03,1022,1038,1013,1017,14.66247983
2017-02-04,1037.5,1065,1016.03,1059,13.19171241
2017-02-05,1033,1058.49,1012,1042.5,7.59474522
2017-02-06,1042.98,1050,1021.5,1046.95,9.88946222
2017-02-07,1036.01,1100,1036.01,1080,13.4213397
2017-02-08,1082,1099,1062.1,1069.5,12.60546003
2017-02-09,1070.11,1095,959.99,1008.49,18.05669407
2017-02-10,997,1035,965,1013,11.02932089
2017-02-11,1021,1040,1011.01,1039.99,4.29870401
2017-02-12,1039,1040,995.01,1035,3.66083177
2017-02-13,1035,1045,997,1012.01,16.80895586
2017-02-14,1007,1055,1007,1053.99,17.6417065
2017-02-15,1040,1055,1015.06,1028,19.01200159
2017-02-16,1028,1070,1027.01,1050,15.10595007
2017-02-17,1050,1090,1035.02,1090,7.9835254
2017-02-18,1089.99,1200,1075.12,1079,9.43186953
2017-02-19,1079,1094,1061,1062.5,13.27904025
2017-02-20,1062.5,1090,1062,1090,8.28817405
2017-02-21,1080.18,1184.8,1072.01,1156.99,24.66848618
2017-02-22,1155,1176,1110.01,1175.41,16.56488493
2017-02-23,1160.5,1196,1141,1193.49,21.67146914
2017-02-24,1184.51,1228,1082,1183.99,31.74672436
2017-02-25,1185,1199.97,1102.18,1172.99,15.72827605
2017-02-26,1172,1184.99,1090.09,1155.01,7.78229658
2017-02-27,1155.51,1234,1112.01,1231,22.77496716
2017-02-28,1230.99,1230.99,1189,1204.5,11.0299249
2017-03-01,1205,1244.99,1203.5,1244,14.02377604
2017-03-02,1224.52,1276.99,1199.01,1264.99,20.74780483
2017-03-03,1259,1298,1246.09,1294.99,9.35451956
2017-03-04,1290,1334.99,1252.1,1302,27.09388814
2017-03-05,1301.49,1301.49,1263.54,1273.01,16.88800385
2017-03-06,1275.01,1293.99,1245.1,1293,7.55615865
2017-03-07,1293,1293.99,1212.01,1265,18.19255753
2017-03-08,1237.01,1290,1150.04,1150.04,28.90639703
2017-03-09,1150.03,1220,1150,1219.68,14.53843904
2017-03-10,1206,1269.5,1101.1,1144,27.81632759
2017-03-11,1167.95,1280,1131.03,1200,10.24719397
2017-03-12,1201,1260,1200.01,1227.11,7.29362888
2017-03-13,1258.5,1280,1205,1244.64,20.19221879
2017-03-14,1267,1279.97,1239.5,1279,12.91727401
2017-03-15,1258,1284,1258,1269.01,16.94425784
2017-03-16,1283,1284,1167.01,1241,40.79508621
2017-03-17,1212,1280,1136,1155,31.90941017
2017-03-18,1156.1,1210,971,1022.2,34.55540278
2017-03-19,1005,1190,1003.01,1105,23.53970826
2017-03-20,1095,1170,1092,1120,33.84434377
2017-03-21,1122.55,1197.99,1102.43,1169,23.04476777
2017-03-22,1135.51,1154.83,1060,1075.99,15.5920579
2017-03-23,1073,1119,1003,1060.55,16.52299323
2017-03-24,1061,1095.98,940,949,22.5620292
2017-03-25,870.01,990.98,870,990.98,8.32147172
2017-03-26,970,1050,956.01,999.99,6.54549596
2017-03-27,999.99,1064.99,965.05,1064.99,9.87579723
2017-03-28,1064.99,1119.99,1045.01,1108,19.08349672
2017-03-29,1108,1108,1040,1067,16.37979953
2017-03-30,1094,1096.4,1030,1078,12.61807051
2017-03-31,1080,1092,1057,1089,8.0873176
2017-04-01,1090,1114.98,1080.01,1114.96,7.81663994
2017-04-02,1100,1134.98,1086.11,1123,5.24580559
2017-04-03,1133,1190,1114.11,1188.74,15.40401677
2017-04-04,1154.01,1199.55,1130.01,1165,14.91059516
2017-04-05,1172,1172,1130.02,1158.99,9.92487383
2017-04-06,1158.99,1210,1158.99,1194,9.37426743
2017-04-07,1186.02,1209.77,1160,1209.77,4.17954658
2017-04-08,1209.77,1214.49,1160.32,1185,7.03485231
2017-04-09,1185,1250,1181.33,1217.01,8.61052835
2017-04-10,1246.7,1246.77,1212.01,1235,4.31174499
2017-04-11,1233.99,1234.5,1210,1223.5,5.54377227
2017-04-12,1223.5,1244.99,1214,1223,8.42347705
2017-04-13,1224,1244,1180,1214,14.08337615
2017-04-14,1193,1228,1185.02,1196,9.62909046
2017-04-15,1200,1200,1186.04,1186.04,7.08813027
2017-04-16,1186.05,1199.99,1186.03,1199.99,0.93088769
2017-04-17,1187,1200,1187,1200,2.41205398
2017-04-18,1200,1244.99,1188.32,1240.39,12.85120673
2017-04-19,1224,1232.1,1210.01,1215,6.83236336
2017-04-20,1215,1248.98,1215,1248.98,7.28609178
2017-04-21,1236.01,1260,1236.01,1255.4,4.61972249
2017-04-22,1255.4,1258,1221.02,1251.99,6.4526828
2017-04-23,1256.99,1256.99,1199,1200.01,11.97270686
2017-04-24,1251.95,1264.99,1081,1242,15.78148268
2017-04-25,1259,1280,1247.01,1265,5.90444777
2017-04-26,1280,1313,1258.01,1312.99,17.78516801
2017-04-27,1298,1349,1298,1340,17.18764439
2017-04-28,1339,1390,1287.01,1349.9,28.00320859
2017-04-29,1350.88,1366,1328.1,1359.99,4.07284712
2017-04-30,1358,1399.99,1325.11,1356,10.13466427
2017-05-01,1355.99,1438,1331.03,1362.5,27.16167968
2017-05-02,1360,1500,1350,1434.99,22.00494748
2017-05-03,1437,1492,1400,1491.99,20.41833174
2017-05-04,1491.97,1630,1400,1480,38.11986147
2017-05-05,1569,1599.49,1485.01,1529,8.30303907
2017-05-06,1548.99,1600,1530.07,1575,24.50842977
2017-05-07,1560,1618.99,1549,1568.11,16.61246174
2017-05-08,1599.99,1740,1572.01,1725.99,17.37865681
2017-05-09,1650,1790,1633,1740,31.14113623
2017-05-10,1680.7,1789.99,1680.69,1772,9.88656139
2017-05-11,1760,1988,1746,1874.5,22.71337064
2017-05-12,1859,1880,1680,1700,34.8108094
2017-05-13,1700,1740,1638,1739,21.36316348
2017-05-14,1740,1846.99,1700,1781.03,11.63322585
2017-05-15,1781.03,1814.99,1656.02,1740,10.16583586
2017-05-16,1716,1775,1680,1775,7.75704137
2017-05-17,1774.99,1846.99,1703.02,1800,6.46812319
2017-05-18,1801,1885,1790,1875.99,11.45088464
2017-05-19,1884.48,2088,1875.99,1931.01,19.16554422
2017-05-20,1950,2019.98,1915.51,1980,6.41521208
2017-05-21,1980,2050,1768.09,2029.99,9.59020474
2017-05-22,2015,2350,2007.02,2080,30.19878069
2017-05-23,2179,2284,2106,2221,15.18219822
2017-05-24,2244.21,2470,2220,2469,60.30774155
2017-05-25,2430.83,2899,2332.01,2360,39.22564357
2017-05-26,2440,2699,2241.01,2331,21.60262309
2017-05-27,2450,2450,2005,2230,17.59288919
2017-05-28,2295,2500,2155,2338,18.32706175
2017-05-29,2388,2498,2156.01,2390.2,30.99704489
2017-05-30,2390.2,2500,2270,2361.99,21.73743709
2017-05-31,2383,2448,2300.01,2389,25.54244693
2017-06-01,2428,2581.97,2418,2430.31,19.82804443
2017-06-02,2499.99,2550,2465,2480.01,8.64867809
2017-06-03,2518,2679.97,2504.73,2595.01,10.30543139
2017-06-04,2625.01,2688,2568,2574,13.18723037
2017-06-05,2614.86,2798.99,2600,2713.03,13.29231364
2017-06-06,2796.39,3180,2713.05,2969.99,21.5726263
2017-06-07,2973.97,3044.91,2785,2849,17.50963702
2017-06-08,2848.99,2889.55,2753.8,2842.41,10.06508941
2017-06-09,2844.99,2973.75,2804.02,2900,4.21944898
2017-06-10,2878.05,2991,2878.05,2957.66,7.09047181
2017-06-11,2977.98,3069.99,2910,3067.99,8.15903739
2017-06-12,3067,3125.99,2750,2869.97,17.71101123
2017-06-13,2869.99,2955,2772,2823,12.13510376
2017-06-14,2830,2938,2550,2739.32,13.81420594
2017-06-15,2730,2730,2352,2575,8.57139917
2017-06-16,2575,2650,2450.1,2550.01,4.77312092
2017-06-17,2511,2699,2510.01,2699,4.19634783
2017-06-18,2691.11,2730,2500,2616.79,12.48670659
2017-06-19,2624.99,2683,2574.46,2610.01,8.29060964
2017-06-20,2610.08,2900,2605,2900,17.60842127
2017-06-21,2787.01,2896.94,2701.99,2800,11.30535762
2017-06-22,2800,2800,2679,2715.21,5.19154734
2017-06-23,2779.99,3099.99,2725.07,2782.34,16.30230469
2017-06-24,2727.05,2819.99,2641.1,2647.2,10.27908142
2017-06-25,2647,2750,2525,2634.84,16.02128148
2017-06-26,2599.99,2844,2354.01,2426.02,23.38692747
2017-06-27,2539.96,2649.01,2352.03,2555,21.20837644
2017-06-28,2555,2699.98,2481,2650,9.97521833
2017-06-29,2695.47,2700,2620.13,2689,20.98474802
2017-06-30,2689,2690,2600,2645.16,11.29897706
2017-07-01,2544.35,2657.99,2450,2469.84,14.58844692
2017-07-02,2593.67,2593.67,2498.04,2585.99,2.78282795
2017-07-03,2513.9,2658,2513.78,2651.99,14.44079027
2017-07-04,2647.01,2688,2607,2610.05,12.0314177
2017-07-05,2629.13,846513,2570,2689,29.93598978
2017-07-06,2650,2691.01,2613.45,2686,12.27488916
2017-07-07,2630.5,2686.99,2511.03,2615,11.06506838
2017-07-08,2614.99,2615,2511.16,2613,1.68121566
2017-07-09,2615,2635,2550,2573,2.01109291
2017-07-10,2572,2619.79,2353,2420,28.66118532
2017-07-11,2425,2488.16,2355,2400,11.59233058
2017-07-12,2400,2497,2316,2450,7.78513412
2017-07-13,2498.88,2523.94,2401,2479.95,14.9503684
2017-07-14,2480,2482.46,2160.01,2200,21.9128504
2017-07-15,2250,2298.83,2000,2129.86,11.79350635
2017-07-16,2129.86,2328,1800,1965,22.69738081
2017-07-17,2116.99,2260,2055.58,2240,20.13856597
2017-07-18,2260,2439.9,2250.01,2399.96,8.24685536
2017-07-19,2302,2430,2235,2386.94,11.08488808
2017-07-20,2360,2728.98,2340,2660.59,45.57182988
2017-07-21,2729,2749,2595.02,2679.95,14.82045767
2017-07-22,2679.95,2841.95,2679.95,2820.08,12.08291439
2017-07-23,2839.59,2840,2695,2810,10.07445118
2017-07-24,2810,2819.99,2740.51,2770,2.24085168
2017-07-25,2799.99,2819.97,2540,2579,10.94714952
2017-07-26,2599.99,2619.18,2501,2585,6.54703264
2017-07-27,2590,2749.96,2510,2602.05,11.43237759
2017-07-28,2650,2807.96,2650,2798.88,11.80612146
2017-07-29,2685.07,2797.86,2600.01,2765,6.43394132
2017-07-30,2706,2760,2675,2710.03,2.73272384
2017-07-31,2760,2900,2720,2790,6.55953627
2017-08-01,2933,3059.99,2750,2780,5.62734704
2017-08-02,2780,2844.9,2710.04,2811.99,3.77453706
2017-08-03,2710.16,2812,2710.16,2800,1.85990646
2017-08-04,2810,2900,2760.06,2878,4.09545171
2017-08-05,2878,3319.45,2877,3151.68,14.45424394
2017-08-06,3299.93,3299.95,3130.01,3146.51,3.22105538
2017-08-07,3237.92,3399.99,191.75,3380,52.10965505
2017-08-08,3380,3450,3250,3449.99,4.26769299
2017-08-09,3398,3449.99,3261.11,3334.44,8.3174528
2017-08-10,3435,3600,3340,3568,18.7130434
2017-08-11,3491,4500,3476.1,3758.99,10.12273332
2017-08-12,3757,4389.99,3603.03,3821,16.11224353
2017-08-13,3957,4339.99,3840.01,4000.02,15.84538704
2017-08-14,4139,4386,4122.01,4376.89,5.19999635
2017-08-15,4376.89,4487.99,3901.05,4242.99,11.09656888
2017-08-16,4196.14,4399.9,4010.01,4330,8.60156461
2017-08-17,4400,4799.95,4301,4419.18,42.8374766
2017-08-18,4411,4592.97,4202,4229.01,15.0444177
2017-08-19,4482.99,4500.99,4160,4370,10.90049608
2017-08-20,4256,4468.99,4233,4250.02,5.95970168
2017-08-21,4250.02,4372,4111,4120.05,4.87941206
2017-08-22,4116,4248,3920,4170,14.46367231
2017-08-23,4171,4400,4060,4250,7.11749138
2017-08-24,4250,4450,4171.02,4384,7.47266375
2017-08-25,4384,4600,4306.03,4430,6.48573981
2017-08-26,4434,4495.74,4305.04,4390.04,3.03492421
2017-08-27,4390.04,4465.99,4360,4370.04,6.52494227
2017-08-28,4371.01,4500,4311.06,4458,6.85895598
2017-08-29,4430,4698,4430,4600,9.98088906
2017-08-30,4536.03,4695.99,4536.03,4615,5.81992285
2017-08-31,4573.03,4898.94,4573.02,4770,11.77836646
2017-09-01,4770,4950,4760,4904.22,9.794547
2017-09-02,4917.75,4986.99,4654.22,4655.02,22.10395443
2017-09-03,4730,4855.99,4655.03,4720.06,2.47980673
2017-09-04,4720.04,4856,4370,4500.02,15.15279901
2017-09-05,4500.01,4900,4373.01,4600.01,14.86774387
2017-09-06,4709.99,4850,4600.02,4800,6.27312734
2017-09-07,4800,4867.41,4735,4750.06,4.19754175
2017-09-08,4750.06,4858,4500,4610,75.44418227
2017-09-09,4610.01,4800,4500.2,4513.07,8.08124472
2017-09-10,4513.07,4681,4401,4450,10.95205645
2017-09-11,4470.01,4600,4401,4440,7.10499345
2017-09-12,4444.01,4700,4401.03,4460,11.91012506
2017-09-13,4460.01,4460.01,4003,4065.04,17.59797042
2017-09-14,4065.04,4147.98,3603.07,3676.99,50.27159946
2017-09-15,3605,4399.9,3090,3811,93.92311274
2017-09-16,3811.01,4129.24,3611.38,3742.13,7.85911842
2017-09-17,3742.71,3949.99,3612.01,3899.92,6.72318638
2017-09-18,3850,4344,3789.1,4248.98,13.49286275
2017-09-19,4134.36,4342.29,3011,3990,17.08869912
2017-09-20,4049.99,4149.95,3950.01,4012.32,8.75717961
2017-09-21,4000.05,4109.49,3700.03,3701.32,10.18956623
2017-09-22,3897.95,3969,3600.02,3632.96,9.8067489
2017-09-23,3700,3887,3700,3800.01,4.84281745
2017-09-24,3810,4098,3600.06,3726,4.74007795
2017-09-25,3810,3998.99,3703.01,3985.99,3.26335333
2017-09-26,3938.01,4044.99,3926.02,3999.99,0.98456751
2017-09-27,4000,4231.87,3950,4203.94,10.12211696
2017-09-28,4181.48,4276.3,3995,4222.98,23.25842003
2017-09-29,4222.98,4225,4002,4224.7,9.70871463
2017-09-30,4111,4445,4111,4340.01,10.29652042
2017-10-01,4320,4379.99,4255,4340,9.86857703
2017-10-02,4350,4445,4302,4438,14.91022848
2017-10-03,4438,4438,3995,4303.01,4.41126685
2017-10-04,4050,4500.01,4001,4250,15.81057612
2017-10-05,4250,4375,4220,4282.51,0.62435928
2017-10-06,4300.32,4443.99,4300.32,4341.11,8.34924072
2017-10-07,4341.12,4399,4304.03,4399,5.17644537
2017-10-08,4399,4624.83,4350.03,4570.5,6.9766098
2017-10-09,4624.83,4799.99,4555,4754.83,24.06220254
2017-10-10,4716.19,4794.8,4605.93,4708,2.60196107
2017-10-11,4708,4814.79,4708,4789,2.36676388
2017-10-12,4789,4999,4789,4949.98,11.9697911
2017-10-13,4949.98,5210,4450,5210,20.6072048
2017-10-14,5213.51,5500,5000.02,5500,2.01049228
2017-10-15,5500,5541.6,5288,5462.19,1.78531835
2017-10-16,5462.19,5600,5422.27,5600,4.28183769
2017-10-17,5600.09,5600.1,5515.1,5516,2.71958484
2017-10-18,5515.1,5586.26,5005.01,5519.98,6.88633721
2017-10-19,5519.98,5620.53,5519.98,5620,15.35089252
2017-10-20,5590.62,5753.51,5590.6,5753.51,32.63290255
2017-10-21,5753.51,6500.01,5750,6023.4,8.01830708
2017-10-22,5800.07,6099.99,5752,5908.09,1.7832156
2017-10-23,5908.09,6100,5715,5849.9,6.4127739
2017-10-24,5801.04,5894.02,5000,5511.46,11.19305283
2017-10-25,5702.23,5850,5270,5604,12.78073526
2017-10-26,5571.17,5880,5571.17,5880,8.16699786
2017-10-27,5880,5880,5700,5705.53,4.81041036
2017-10-28,5705.53,5761.8,5595.38,5761.8,1.93524957
2017-10-29,5750,6032.5,5655,5999.99,16.20712377
2017-10-30,5999.99,6021,5855.86,5944.86,2.66919539
2017-10-31,6020,6050,5944.86,6050,18.04057236
2017-11-01,6050,6100,5780,6100,13.99407303
2017-11-02,6099.99,6788.7,5680.09,6788.7,37.75951078
2017-11-03,6788.7,7298,6788.7,7000.01,27.08619413
2017-11-04,7000.02,7346.03,6937,7330.18,13.45621187
2017-11-05,7250.63,7418.99,7250.63,7380.02,10.80136996
2017-11-06,7309.84,7415.78,6935.02,7063.35,4.5316529
2017-11-07,7063.35,7300,6621.01,7144,16.30588407
2017-11-08,7270,7750.02,7144,7260.2,58.56902543
2017-11-09,7298,7313.97,7150,7230,27.00701519
2017-11-10,7230,7325,6501.03,7047,51.74166616
2017-11-11,6715,7043.99,6220.04,6436.96,10.78828014
2017-11-12,6406,6730,5400,6176.93,17.06910982
2017-11-13,6176.93,6999,5809.02,6404.02,11.14117814
2017-11-14,6470.48,6799.93,6400,6460.01,9.89846454
2017-11-15,6585.83,7410.99,6565,7211.77,20.18812833
2017-11-16,7276,11000,7189.02,7992.99,22.19572071
2017-11-17,7870,8158.97,7500.09,7820,10.42473815
2017-11-18,7809.99,8017.89,7600.13,7811.7,3.50551194
2017-11-19,7790.01,8095,7756.16,8085.99,7.59861947
2017-11-20,7973.99,8399.99,7973.99,8260,8.67893607
2017-11-21,8335,8494,7757,8100.04,14.72652365
2017-11-22,8105,8489.99,8000,8263.5,7.53027635
2017-11-23,8263.5,8344.99,8150.04,8172.02,6.87621931
2017-11-24,8172.02,8329,8052,8220,5.140436
2017-11-25,8200.02,8997,8151.02,8798.87,8.84488075
2017-11-26,8681.4,9500,8636.11,9163.08,4.49076134
2017-11-27,9180.15,9920.01,8742.63,9658.41,13.34365562
2017-11-28,9619.25,10200,9470.02,9888.07,10.35392429
2017-11-29,9909.47,20000,9000,9800,50.99997288
2017-11-30,9800,10499,9205,9875.85,22.46941737
2017-12-01,10090.97,10950,9548,10750,13.99624844
2017-12-02,10711.01,11111,10600,11099.79,9.5224953
2017-12-03,10655.55,12000,10613,11127.99,16.77250807
2017-12-04,11127.99,11631,11000,11339.9,10.12636697
2017-12-05,11264.82,11940,11248,11701,8.88808958
2017-12-06,11701,14425,11625,13750,28.04367181
2017-12-07,13998,18550,13600,16633,29.72986344
2017-12-08,16100.23,16799,14010,15747.54,19.07933143
2017-12-09,15800.01,16290,13005,14503.51,12.02390971
2017-12-10,14503.51,15778.72,13310,14835.91,12.43745449
2017-12-11,15112.13,17800,15112.13,16629.6,17.04776606
2017-12-12,16683.31,17799,16351,16800,17.4861442
2017-12-13,16808.1,17500,16022,16303,27.2312919
2017-12-14,16419,16800,15700,16323.01,11.57021435
2017-12-15,16340.71,18000,16340.71,17250,29.89166422
2017-12-16,17250,19449,17020.01,18819.82,14.94974751
2017-12-17,18819.82,19597,17600.7,18320,8.00449329
2017-12-18,18146.29,18889,17636.01,18884,10.36567594
2017-12-19,18884,19159,17400,18400,28.2631837
2017-12-20,18000.04,18780,16590,17977.98,39.82476295
2017-12-21,17920,18499,15900,16710.99,28.38540526
2017-12-22,16711,16865.14,12500,15262.22,44.83243752
2017-12-23,15277,17949,14650,16000,13.92348574
2017-12-24,15500,15900,13701,15039,9.44005104
2017-12-25,14990,15194.48,14060.05,14565.55,2.16035946
2017-12-26,14565.55,16498.98,14565.55,15801.54,6.58477585
2017-12-27,15999,16999.69,15806.01,16033.11,10.79072748
2017-12-28,16100.03,16588.26,14800.01,15500,32.44103244
2017-12-29,15499.98,15755.9,14958.71,15430,7.06665367
2017-12-30,15430,15599.63,13501,13815,13.85480774
2017-12-31,13800,15200,13055,14664.65,8.28677351
2018-01-01,14655.01,15190.73,14001.01,14430.6,5.61106491
2018-01-02,14431.11,16000,14040,15454.5,15.36808329
2018-01-03,15456.62,16380,15280,16080,8.40247246
2018-01-04,15777,16249.99,15005,15415,14.50446938
2018-01-05,15415,17480,15414.69,17480,16.24059601
2018-01-06,17480,17899.99,16477.97,17234.19,9.19209885
2018-01-07,16701.01,17123.94,16211,16788,8.03248393
2018-01-08,16350.55,16818.88,15100,15589.98,11.86458076
2018-01-09,15589.98,16018.97,14800,14955,10.29767083
2018-01-10,15330,15435,14255,15175,12.35884469
2018-01-11,14882.86,15823.9,13900,14250,32.18086748
2018-01-12,13905,25200,13802,14225.03,24.54498356
2018-01-13,14271.65,14999,14255,14948.98,4.12501171
2018-01-14,14773.99,14963.99,14061,14600,8.463242
2018-01-15,14280,14698.9,14170,14300,6.94209434
2018-01-16,14250,15580,10112,12196.66,38.6235863
2018-01-17,12196.52,12349,9250,11400,15.09693867
2018-01-18,11400,13499,11250,12597,14.4751116
2018-01-19,12000,13499,11500,11990,9.18957278
2018-01-20,11999.99,13498,11633.7,12702.05,7.73591735
2018-01-21,12750.6,13172.9,11522,11849,7.95085212
2018-01-22,11850,12655.55,10500,10993,28.02027878
2018-01-23,10994.98,11900,10500,10750,6.70039651
2018-01-24,10829.81,11900,10742.08,11235.96,13.26672535
2018-01-25,11299.96,11900,11222,11280,3.63110833
2018-01-26,11280.01,14499,10501,11160,14.12356899
2018-01-27,11450,11758.54,11050.01,11381.1,3.55597598
2018-01-28,11381.1,11800,11379.86,11797.5,2.4567274
2018-01-29,11557.31,11591,11101,11250,15.23193998
2018-01-30,11250,12020.99,9201,10255,25.71482649
2018-01-31,10269.02,11498,9523,10071,13.2886495
2018-02-01,10074,10265.12,8799.98,9120,16.76997284
2018-02-02,9111.1,10000,7673.2,8963.75,18.94682997
2018-02-03,8800.01,9599.98,8225.21,9170.5,7.26536717
2018-02-04,9200,9500,8100.2,8350,13.17418468
2018-02-05,8210.2,8800,6500,6756.61,20.60354506
2018-02-06,6948.99,7945,5800,7712.19,11.32453148
2018-02-07,7712.19,8863.74,7231.4,7936.82,18.63168807
2018-02-08,7890,8650,7001,8247.5,8.3081795
2018-02-09,8247.5,8745,7865.05,8611,6.52661369
2018-02-10,8611,9086.93,8255.01,8400.01,11.87179657
2018-02-11,8511.8,8609,8000.01,8184.25,2.69755154
2018-02-12,8053.61,8855.5,8053.61,8847.29,3.96893172
2018-02-13,8830,8889,8399,8621,8.45116099
2018-02-14,8621,9800,8480,9600,11.48547529
2018-02-15,9599.88,10440,9130.01,10199.96,12.0140767
2018-02-16,10200,10359,9822.51,10145,3.66506466
2018-02-17,10126.72,11079.48,10054,11049.62,7.35393357
2018-02-18,10908,11400,10253.01,10720.57,7.45363518
2018-02-19,10550,11200,10500,11086.23,6.48505164
2018-02-20,11096.23,11660.05,10389,11250.01,11.55778038
2018-02-21,11250.01,11499,9329,10442.13,9.67610719
2018-02-22,10427,10804.87,9600,9992.52,6.96200841
2018-02-23,9792.67,10357.48,9370,10081.09,5.26908174
2018-02-24,10110,10547.74,9405.01,9643.2,3.91032759
2018-02-25,9660.01,9829.14,9302,9651.65,1.83905046
2018-02-26,9523.02,10274.47,9305.61,10184.25,3.06933726
2018-02-27,10182.64,11000,10021.47,10641,4.3194179
2018-02-28,10640,11011,10308,10308,3.56123782
2018-03-01,10310,10972.46,10264,10902,2.49597632
2018-03-02,10933.98,11111,9402,10800.98,3.68050258
2018-03-03,10984.39,11359,10984.39,11200.02,1.74806445
2018-03-04,11290,11381.01,11000.01,11267.2,2.88477093
2018-03-05,11317.02,11447.98,10300,11447.98,5.48626824
2018-03-06,11035.52,11480,10600,10650.02,4.19915065
2018-03-07,10651.99,10846,9850,10010,5.02566093
2018-03-08,10010,10660,9510,9510,4.05745435
2018-03-09,9510,9800,8401,9350.25,3.10300544
2018-03-10,9350.07,9888,8445.21,8909,3.48324551
2018-03-11,9000,9800,8645,9508.19,1.90930943
2018-03-12,9588.96,10290,9050,9124.59,1.85290369
2018-03-13,9093.18,9600,8944.03,9600,8.06064627
2018-03-14,9600,9666.11,8406,8420.01,11.35384085
2018-03-15,8421,9000,7899,8306,3.73955463
2018-03-16,8306,8899,8300,8875.89,1.77810318
2018-03-17,8470.01,9000,7930.01,8150.01,1.49913541